﻿"concept_id","concept_synonym_name","language_concept_id"
37310283,"Gastroenteritis caused by 2019-nCoV (novel coronavirus)",4180186
37310283,"Gastroenteritis caused by severe acute respiratory syndrome coronavirus 2 (disorder)",4180186
36031453,"2019 Novel Coronavirus; 2019-nCoV; 3 Self-Sustaining Sequence Replication; 3SR SR; Amplif; Amplification; Amplified; Corona virus; COVID19; COVID-19; DNA NUCLEIC ACID PROBE; DNA probe; II; LAT; LCR; Ligase chain reaction; Ligation-activated transcription; Microbiology; NAA+probe; NAAT; NASBA; Nucleic acid sequence based analysis; Ordinal; PCR; Point in time; Polymerase chain reaction; PR; Probe amp; Probe with ampification; Probe with target amplification; QBR; QL; Qual; Qualitative; Random; SARS Coronavirus 1; SARS-CoV; SARS-CoV-1; SARS-CoV-2; SARS-CoV-2 RdRp; Screen; SDA; Severe Acute Respiratory Syndrome; Strand Displacement Amplification; TMA; Transcription mediated amplification; Up; Upper resp; Viral Pneumonias; Wuhan coronavirus",4180186
36031453,"SARS 冠状病毒 2 RdRp 基因:存在情况或阈值:时间点:呼吸道.上:序数型:探针法.基因扩增.靶向",4182948
36031453,"SARS-CoV-2 RdRp Upper resp Ql NAA+probe",4180186
723477,"2019 Novel Coronavirus; 2019-nCoV; Antigen; Antigens; Corona virus; COVID19; COVID-19; EIA; ELFA; ELISA; Enzyme immunoassay; IAA; II; MEIA; Microbiology; Ordinal; Point in time; PR; QL; Qual; Qualitative; Random; SARS Coronavirus 1; SARS-CoV; SARS-CoV-1; SARS-CoV-2; Screen; Severe Acute Respiratory Syndrome; SUDS; Viral Pneumonias; Wuhan coronavirus",4180186
723477,"SARS 冠状病毒 2 抗原:存在情况或阈值:时间点:呼吸道:序数型:免疫测定法.快速",4182948
723477,"SARS-CoV-2 Ag Resp Ql IA.rapid",4180186
756065,"Measurement of SARS-CoV-2 in Unspecified specimen",4180186
706169,"2019 Novel Coronavirus; 2019-nCoV; 3 Self-Sustaining Sequence Replication; 3SR SR; Amplif; Amplification; Amplified; Corona virus; COVID19; COVID-19; DNA NUCLEIC ACID PROBE; DNA probe; II; LAT; LCR; Ligase chain reaction; Ligation-activated transcription; Microbiology; Misc; Miscellaneous; NAA+probe; NAAT; NASBA; Nucleic acid sequence based analysis; Other; Pan; PANEL.MICROBIOLOGY; Panl; PCR; Pnl; Point in time; Polymerase chain reaction; Probe amp; Probe with ampification; Probe with target amplification; QBR; Random; Ribonucleic acid; SARS Coronavirus 1; SARS-CoV; SARS-CoV-1; SARS-CoV-2; SARS-CoV-2 RNA Pnl; SDA; Severe Acute Respiratory Syndrome; Spec; Strand Displacement Amplification; TMA; To be specified in another part of the message; Transcription mediated amplification; Unspecified; Viral Pneumonias; Wuhan coronavirus",4180186
706169,"SARS 冠状病毒 2 RNA 组套:-:时间点:XXX:-:探针法.基因扩增.靶向",4182948
706169,"SARS-CoV-2 RNA Pnl Spec NAA+probe",4180186
756085,"Measurement of SARS-CoV-2 using Nucleic acid amplification technique in Respiratory specimen",4180186
36032061,"2019 Novel Coronavirus; 2019-nCoV; 3 Self-Sustaining Sequence Replication; 3SR SR; Amplif; Amplification; Amplified; Corona virus; COVID19; COVID-19; DNA NUCLEIC ACID PROBE; DNA probe; II; LAT; LCR; Ligase chain reaction; Ligation-activated transcription; Microbiology; NAA+probe; NAAT; NASBA; Nucleic acid sequence based analysis; Oral fluid; Pan; PANEL.MICROBIOLOGY; Panl; PCR; Pnl; Point in time; Polymerase chain reaction; Probe amp; Probe with ampification; Probe with target amplification; QBR; Random; Ribonucleic acid; Sal; SARS Coronavirus 1; SARS-CoV; SARS-CoV-1; SARS-CoV-2; SARS-CoV-2 RNA Pnl; SDA; Severe Acute Respiratory Syndrome; Strand Displacement Amplification; TMA; Transcription mediated amplification; Viral Pneumonias; Wuhan coronavirus",4180186
36032061,"SARS 冠状病毒 2 RNA 组套:-:时间点:唾液:-:探针法.基因扩增.靶向",4182948
36032061,"SARS-CoV-2 RNA Pnl Sal NAA+probe",4180186
36660491,"3 Self-Sustaining Sequence Replication; 3SR SR; Amplif; Amplification; Amplified; Corona virus; DNA NUCLEIC ACID PROBE; DNA probe; HCoV; HCoV 229E; LAT; LCR; Ligase chain reaction; Ligation-activated transcription; Low; Lower Resp; Microbiology; NAA+non-probe; NAA+probe; NAAT; NASBA; Nucleic acid sequence based analysis; Ordinal; PCR; Point in time; Polymerase chain reaction; PR; Probe amp; Probe with ampification; Probe with target amplification; QBR; QL; Qual; Qualitative; Random; Ribonucleic acid; Screen; SDA; Strand Displacement Amplification; TMA; Transcription mediated amplification",4180186
36660491,"HCoV 229E RNA Low resp Ql NAA+non-probe",4180186
36660491,"人类冠状病毒 229E 型 RNA:存在情况或阈值:时间点:呼吸道.下:序数型:非探针法.基因扩增.靶向",4182948
706163,"2019 Novel Coronavirus; 2019-nCoV; 3 Self-Sustaining Sequence Replication; 3SR SR; Amplif; Amplification; Amplified; Corona virus; COVID19; COVID-19; DNA NUCLEIC ACID PROBE; DNA probe; II; LAT; LCR; Ligase chain reaction; Ligation-activated transcription; Microbiology; NAA+probe; NAAT; NASBA; Nucleic acid sequence based analysis; Ordinal; PCR; Point in time; Polymerase chain reaction; PR; Probe amp; Probe with ampification; Probe with target amplification; QBR; QL; Qual; Qualitative; Random; Ribonucleic acid; SARS Coronavirus 1; SARS-CoV; SARS-CoV-1; SARS-CoV-2; Screen; SDA; Severe Acute Respiratory Syndrome; Strand Displacement Amplification; TMA; Transcription mediated amplification; Viral Pneumonias; Wuhan coronavirus",4180186
706163,"SARS 冠状病毒 2 RNA:存在情况或阈值:时间点:呼吸道:序数型:探针法.基因扩增.靶向",4182948
706163,"SARS-CoV-2 RNA Resp Ql NAA+probe",4180186
706166,"3 Self-Sustaining Sequence Replication; 3SR SR; Amplif; Amplification; Amplified; Corona virus; DNA NUCLEIC ACID PROBE; DNA probe; LAT; LCR; Ligase chain reaction; Ligation-activated transcription; Microbiology; Misc; Miscellaneous; NAA+probe; NAAT; NASBA; Nucleic acid sequence based analysis; Other; PCR; Point in time; Polymerase chain reaction; Probe amp; Probe with ampification; Probe with target amplification; QBR; QNT; Quan; Quant; Quantitative; Random; SARSr-CoV; SARS-rel CoV E gene; SDA; Severe Acute Respiratory Syndrome; Spec; Strand Displacement Amplification; TMA; To be specified in another part of the message; Transcription mediated amplification; Unspecified",4180186
706166,"SARS 冠状病毒 2 E 基因:阈值循环圈数:时间点:XXX:定量型:探针法.基因扩增.靶向",4182948
706166,"SARS-rel CoV E gene Ct Spec Qn NAA+probe",4180186
704992,"Measurement of SARS-CoV-2 using Culture method",4180186
3661406,"ARDS due to disease caused by Severe acute respiratory syndrome coronavirus 2",4180186
3661406,"Acute respiratory distress syndrome due to disease caused by 2019 novel coronavirus",4180186
3661406,"Acute respiratory distress syndrome due to disease caused by 2019-nCoV",4180186
3661406,"Acute respiratory distress syndrome due to disease caused by 2019-nCoV (novel coronavirus)",4180186
3661406,"Acute respiratory distress syndrome due to disease caused by SARS-CoV-2",4180186
3661406,"Acute respiratory distress syndrome due to disease caused by SARS-CoV-2 (severe acute respiratory syndrome coronavirus 2)",4180186
3661406,"Acute respiratory distress syndrome due to disease caused by Severe acute respiratory syndrome coronavirus 2 (disorder)",4180186
3661406,"COVID-19 acute respiratory distress syndrome",4180186
756077,"Close contact with patient with confirmed case caused by Severe acute respiratory syndrome coronavirus 2 (SARS-CoV-2)",4180186
439676,"Coronavirus infection (disorder)",4180186
704995,"Patient meets clinical diagnostic criteria for Disease caused by Severe acute respiratory syndrome coronavirus 2 (SARS-CoV-2)",4180186
724905,"COVID-19 vaccine, vector-nr, rS-ChAdOx1, PF, 0.5 mL",4180186
586524,"2019 Novel Coronavirus; 2019-nCoV; 3 Self-Sustaining Sequence Replication; 3SR SR; Amplif; Amplification; Amplified; Centers for Disease Control and Prevention; Corona virus; COVID19; COVID-19; DNA NUCLEIC ACID PROBE; DNA probe; II; LAT; LCR; Ligase chain reaction; Ligation-activated transcription; Microbiology; NAA N1; NAA+probe; NAAT; NASBA; Nucleic acid sequence based analysis; Ordinal; PCR; Point in time; Polymerase chain reaction; PR; Probe amp; Probe with ampification; Probe with target amplification; QBR; QL; Qual; Qualitative; Random; SARS Coronavirus 1; SARS-CoV; SARS-CoV-1; SARS-CoV-2; SARS-CoV-2 N gene; Screen; SDA; Severe Acute Respiratory Syndrome; Strand Displacement Amplification; TMA; Transcription mediated amplification; Viral Pneumonias; Wuhan coronavirus",4180186
586524,"SARS 冠状病毒 2 N 基因:存在情况或阈值:时间点:呼吸道:序数型:探针法.基因扩增.靶向.CDC 引物-探针组 N1",4182948
586524,"SARS-CoV-2 N gene Resp Ql NAA N1",4180186
702953,"COVID-19",4180186
702953,"Disease caused by Severe acute respiratory syndrome coronavirus 2 (SARS-CoV-2)",4180186
586308,"Measurement of SARS-CoV-2 using Nucleic acid amplification technique in Saliva",4180186
40218805,"COVID-19 testing in CDC laboratory",4180186
756039,"Respiratory infection caused by Severe acute respiratory syndrome coronavirus 2 (SARS-CoV-2)",4180186
45763724,"Suspected coronavirus infection (situation)",4180186
44807536,"Coronavirus ribonucleic acid measurement by nucleic acid amplification test",4180186
44807536,"Measurement of coronavirus ribonucleic acid by nucleic acid amplification test (procedure)",4180186
586307,"Measurement of SARS-CoV-2 in Saliva",4180186
3667069,"Detection of RNA (ribonucleic acid) of SARS-CoV-2 (severe acute respiratory syndrome coronavirus 2) using polymerase chain reaction",4180186
3667069,"Detection of ribonucleic acid of 2019 novel coronavirus using polymerase chain reaction",4180186
3667069,"Detection of ribonucleic acid of 2019-nCoV (novel coronavirus) using polymerase chain reaction",4180186
3667069,"Detection of ribonucleic acid of 2019-nCoV using polymerase chain reaction",4180186
3667069,"Detection of ribonucleic acid of COVID-19 using polymerase chain reaction",4180186
3667069,"Detection of ribonucleic acid of SARS-CoV-2 using polymerase chain reaction",4180186
3667069,"Detection of ribonucleic acid of Severe acute respiratory syndrome coronavirus 2 using PCR",4180186
3667069,"Detection of ribonucleic acid of Severe acute respiratory syndrome coronavirus 2 using polymerase chain reaction (observable entity)",4180186
3667069,"SARS-CoV-2 RNA PCR",4180186
3661748,"Acute kidney injury due to disease caused by 2019 novel coronavirus",4180186
3661748,"Acute kidney injury due to disease caused by 2019-nCoV",4180186
3661748,"Acute kidney injury due to disease caused by 2019-nCoV (novel coronavirus)",4180186
3661748,"Acute kidney injury due to disease caused by COVID-19",4180186
3661748,"Acute kidney injury due to disease caused by SARS-CoV-2",4180186
3661748,"Acute kidney injury due to disease caused by SARS-CoV-2 (severe acute respiratory syndrome coronavirus 2)",4180186
3661748,"Acute kidney injury due to disease caused by Severe acute respiratory syndrome coronavirus 2 (disorder)",4180186
46236920,"Blood; Document; Fam Mut Anl; Finding; Findings; HUPRA; hyperuricemia pulmonary hypertension renal failure and alkalosis; LMTED; LTD; Molecular genetics; Molecular pathology; MOLPATH; MOLPATH.MUTATIONS; mtSerRS; Mut; Mutation; Mutations; Muts; PCR; Point in time; Random; SARS; SARSM; SerRS; SerRSmt; SERS; seryl-tRNA synthetase 2, mitochondrial; SYS; Tissue; Tissue, unspecified; WB; Whole blood; Whole blood or Tissue",4180186
46236920,"SARS2 Fam Mut Anl Bld/T",4180186
46236920,"SARS2 基因 局限于已知家族性突变的突变分析:发现:时间点:全血/组织:文档型:分子遗传学类实验室方法",4182948
3661408,"COVID-19 pneumonia",4180186
3661408,"Pneumonia caused by 2019 novel coronavirus",4180186
3661408,"Pneumonia caused by 2019-nCoV",4180186
3661408,"Pneumonia caused by 2019-nCoV (novel coronavirus)",4180186
3661408,"Pneumonia caused by SARS-CoV-2 (severe acute respiratory syndrome coronavirus 2)",4180186
3661408,"Pneumonia caused by Severe acute respiratory syndrome coronavirus 2",4180186
3661408,"Pneumonia caused by Severe acute respiratory syndrome coronavirus 2 (disorder)",4180186
37016927,"Pneumonia caused by Human coronavirus (disorder)",4180186
586526,"2019 Novel Coronavirus; 2019-nCoV; 3 Self-Sustaining Sequence Replication; 3SR SR; Amplif; Amplification; Amplified; Corona virus; COVID19; COVID-19; DNA NUCLEIC ACID PROBE; DNA probe; II; LAT; LCR; Ligase chain reaction; Ligation-activated transcription; Microbiology; NAA+probe; NAAT; NASBA; Nasopharynx; Nucleic acid sequence based analysis; Ordinal; PCR; Point in time; Polymerase chain reaction; PR; Probe amp; Probe with ampification; Probe with target amplification; QBR; QL; Qual; Qualitative; Random; Ribonucleic acid; SARS Coronavirus 1; SARS-CoV; SARS-CoV-1; SARS-CoV-2; Screen; SDA; Severe Acute Respiratory Syndrome; Strand Displacement Amplification; TMA; Transcription mediated amplification; Viral Pneumonias; Wuhan coronavirus",4180186
586526,"SARS 冠状病毒 2 RNA:存在情况或阈值:时间点:鼻咽:序数型:探针法.基因扩增.靶向",4182948
586526,"SARS-CoV-2 RNA Nph Ql NAA+probe",4180186
706158,"2019 Novel Coronavirus; 2019-nCoV; 3 Self-Sustaining Sequence Replication; 3SR SR; Amplif; Amplification; Amplified; Corona virus; COVID19; COVID-19; DNA NUCLEIC ACID PROBE; DNA probe; II; LAT; LCR; Ligase chain reaction; Ligation-activated transcription; Microbiology; NAA+probe; NAAT; NASBA; Nucleic acid sequence based analysis; Pan; PANEL.MICROBIOLOGY; Panl; PCR; Pnl; Point in time; Polymerase chain reaction; Probe amp; Probe with ampification; Probe with target amplification; QBR; Random; Ribonucleic acid; SARS Coronavirus 1; SARS-CoV; SARS-CoV-1; SARS-CoV-2; SARS-CoV-2 RNA Pnl; SDA; Severe Acute Respiratory Syndrome; Strand Displacement Amplification; TMA; Transcription mediated amplification; Viral Pneumonias; Wuhan coronavirus",4180186
706158,"SARS 冠状病毒 2 RNA 组套:-:时间点:呼吸道:-:探针法.基因扩增.靶向",4182948
706158,"SARS-CoV-2 RNA Pnl Resp NAA+probe",4180186
757678,"2019 Novel Coronavirus; 2019-nCoV; 3 Self-Sustaining Sequence Replication; 3SR SR; Amplif; Amplification; Amplified; Corona virus; COVID19; COVID-19; DNA NUCLEIC ACID PROBE; DNA probe; II; LAT; LCR; Ligase chain reaction; Ligation-activated transcription; Microbiology; NAA+probe; NAAT; Nasal; NASBA; Nos; Nose (nasal passage); Nucleic acid sequence based analysis; Ordinal; PCR; Point in time; Polymerase chain reaction; PR; Probe amp; Probe with ampification; Probe with target amplification; QBR; QL; Qual; Qualitative; Random; SARS Coronavirus 1; SARS-CoV; SARS-CoV-1; SARS-CoV-2; SARS-CoV-2 N gene; Screen; SDA; Severe Acute Respiratory Syndrome; Smell; Strand Displacement Amplification; TMA; Transcription mediated amplification; Viral Pneumonias; Wuhan coronavirus",4180186
757678,"SARS 冠状病毒 2 N 基因:存在情况或阈值:时间点:鼻:序数型:探针法.基因扩增.靶向",4182948
757678,"SARS-CoV-2 N gene Nose Ql NAA+probe",4180186
37310254,"Otitis media due to COVID-19",4180186
37310254,"Otitis media due to disease caused by 2019 novel coronavirus",4180186
37310254,"Otitis media due to disease caused by 2019-nCoV",4180186
37310254,"Otitis media due to disease caused by 2019-nCoV (novel coronavirus)",4180186
37310254,"Otitis media due to disease caused by SARS-CoV-2",4180186
37310254,"Otitis media due to disease caused by SARS-CoV-2 (severe acute respiratory syndrome coronavirus 2)",4180186
37310254,"Otitis media due to disease caused by Severe acute respiratory syndrome coronavirus 2 (disorder)",4180186
739906,"SARS-COV-2 (COVID-19) vaccine, vector - Ad26 0.5 ML Injectable Suspension (EUA)",4180186
702834,"Measurement of SARS-CoV-2 specific cell-mediated immune responses in Blood",4180186
586520,"2019 Novel Coronavirus; 2019-nCoV; 3 Self-Sustaining Sequence Replication; 3SR SR; Amplif; Amplification; Amplified; Corona virus; COVID19; COVID-19; DNA NUCLEIC ACID PROBE; DNA probe; II; LAT; LCR; Ligase chain reaction; Ligation-activated transcription; Microbiology; NAA+probe; NAAT; NASBA; Nucleic acid sequence based analysis; Ordinal; PCR; Pl; Plasma; Plsm; Point in time; Polymerase chain reaction; PR; Probe amp; Probe with ampification; Probe with target amplification; QBR; QL; Qual; Qualitative; Random; SARS Coronavirus 1; SARS-CoV; SARS-CoV-1; SARS-CoV-2; SARS-CoV-2 N gene; Screen; SDA; SerP; SerPl; SerPlas; Serum; Serum or plasma; Severe Acute Respiratory Syndrome; SR; Strand Displacement Amplification; TMA; Transcription mediated amplification; Viral Pneumonias; Wuhan coronavirus",4180186
586520,"SARS 冠状病毒 2 N 基因:存在情况或阈值:时间点:血清/血浆:序数型:探针法.基因扩增.靶向",4182948
586520,"SARS-CoV-2 N gene SerPl Ql NAA+probe",4180186
36660364,"3 Self-Sustaining Sequence Replication; 3SR SR; Amplif; Amplification; Amplified; Corona virus; DNA NUCLEIC ACID PROBE; DNA probe; HCoV; HCoV OC43; LAT; LCR; Ligase chain reaction; Ligation-activated transcription; Low; Lower Resp; Microbiology; NAA+non-probe; NAA+probe; NAAT; NASBA; Nucleic acid sequence based analysis; Ordinal; PCR; Point in time; Polymerase chain reaction; PR; Probe amp; Probe with ampification; Probe with target amplification; QBR; QL; Qual; Qualitative; Random; Ribonucleic acid; Screen; SDA; Strand Displacement Amplification; TMA; Transcription mediated amplification",4180186
36660364,"HCoV OC43 RNA Low resp Ql NAA+non-probe",4180186
36660364,"人类冠状病毒 OC43 型 RNA:存在情况或阈值:时间点:呼吸道.下:序数型:非探针法.基因扩增.靶向",4182948
46236919,"Blood; Document; Finding; Findings; full gene sequencing; Full Mut Anl; high-throughput sequencing; HTS; HUPRA; hyperuricemia pulmonary hypertension renal failure and alkalosis; Molecular pathology; MOLPATH; MOLPATH.MUTATIONS; mtSerRS; Mut; Mutations; Next generation sequencing; NGS; Point in time; Random; SARS; SARSM; sequencing of entire coding region; SerRS; SerRSmt; SERS; seryl-tRNA synthetase 2, mitochondrial; SYS; Tissue; Tissue, unspecified; WB; Whole blood; Whole blood or Tissue",4180186
46236919,"SARS2 Full Mut Anl Bld/T Seq",4180186
46236919,"SARS2 基因 全面突变分析:发现:时间点:全血/组织:文档型:序列测定",4182948
37396171,"Severe acute respiratory syndrome of upper respiratory tract (disorder)",4180186
36661377,"2019 Novel Coronavirus; 2019-nCoV; Corona virus; COVID19; COVID-19; high-throughput sequencing; HTS; II; Microbiology; Next generation sequencing; NGS; Ordinal; Point in time; PR; QL; Qual; Qualitative; Random; Ribonucleic acid; SARS Coronavirus 1; SARS-CoV; SARS-CoV-1; SARS-CoV-2; Screen; Severe Acute Respiratory Syndrome; Viral Pneumonias; Wuhan coronavirus",4180186
36661377,"SARS 冠状病毒 2 RNA:存在情况或阈值:时间点:呼吸道:序数型:序列测定",4182948
36661377,"SARS-CoV-2 RNA Resp Ql Seq",4180186
705106,"Measurement of SARS-CoV-2 using Nucleic acid amplification technique in Sample from nose",4180186
3656667,"Cardiomyopathy due to COVID-19",4180186
3656667,"Cardiomyopathy due to disease caused by 2019 novel coronavirus",4180186
3656667,"Cardiomyopathy due to disease caused by 2019-nCoV",4180186
3656667,"Cardiomyopathy due to disease caused by 2019-nCoV (novel coronavirus)",4180186
3656667,"Cardiomyopathy due to disease caused by SARS-CoV-2",4180186
3656667,"Cardiomyopathy due to disease caused by SARS-CoV-2 (severe acute respiratory syndrome coronavirus 2)",4180186
3656667,"Cardiomyopathy due to disease caused by Severe acute respiratory syndrome coronavirus 2 (disorder)",4180186
706173,"2019 Novel Coronavirus; 2019-nCoV; 3 Self-Sustaining Sequence Replication; 3SR SR; Amplif; Amplification; Amplified; Corona virus; COVID19; COVID-19; DNA NUCLEIC ACID PROBE; DNA probe; II; LAT; LCR; Ligase chain reaction; Ligation-activated transcription; Microbiology; Misc; Miscellaneous; NAA+probe; NAAT; NASBA; Nucleic acid sequence based analysis; Ordinal; Other; PCR; Point in time; Polymerase chain reaction; PR; Probe amp; Probe with ampification; Probe with target amplification; QBR; QL; Qual; Qualitative; Random; SARS Coronavirus 1; SARS-CoV; SARS-CoV-1; SARS-CoV-2; SARS-CoV-2 RdRp; Screen; SDA; Severe Acute Respiratory Syndrome; Spec; Strand Displacement Amplification; TMA; To be specified in another part of the message; Transcription mediated amplification; Unspecified; Viral Pneumonias; Wuhan coronavirus",4180186
706173,"SARS 冠状病毒 2 RdRp 基因:存在情况或阈值:时间点:XXX:序数型:探针法.基因扩增.靶向",4182948
706173,"SARS-CoV-2 RdRp Spec Ql NAA+probe",4180186
586518,"3 Self-Sustaining Sequence Replication; 3SR SR; Amplif; Amplification; Amplified; Corona virus; DNA NUCLEIC ACID PROBE; DNA probe; LAT; LCR; Ligase chain reaction; Ligation-activated transcription; Microbiology; NAA+probe; NAAT; NASBA; Nucleic acid sequence based analysis; Ordinal; PCR; Pl; Plasma; Plsm; Point in time; Polymerase chain reaction; PR; Probe amp; Probe with ampification; Probe with target amplification; QBR; QL; Qual; Qualitative; Random; SARSr-CoV; SARS-rel CoV E gene; Screen; SDA; SerP; SerPl; SerPlas; Serum; Serum or plasma; Severe Acute Respiratory Syndrome; SR; Strand Displacement Amplification; TMA; Transcription mediated amplification",4180186
586518,"SARS 冠状病毒 2 E 基因:存在情况或阈值:时间点:血清/血浆:序数型:探针法.基因扩增.靶向",4182948
586518,"SARS-rel CoV E gene SerPl Ql NAA+probe",4180186
723476,"2019 Novel Coronavirus; 2019-nCoV; 3 Self-Sustaining Sequence Replication; 3SR SR; Amplif; Amplification; Amplified; Corona virus; COVID19; COVID-19; DNA NUCLEIC ACID PROBE; DNA probe; II; LAT; LCR; Ligase chain reaction; Ligation-activated transcription; Microbiology; NAA+non-probe; NAA+probe; NAAT; NASBA; Nasopharynx; Nucleic acid sequence based analysis; Ordinal; PCR; Point in time; Polymerase chain reaction; PR; Probe amp; Probe with ampification; Probe with target amplification; QBR; QL; Qual; Qualitative; Random; Ribonucleic acid; SARS Coronavirus 1; SARS-CoV; SARS-CoV-1; SARS-CoV-2; Screen; SDA; Severe Acute Respiratory Syndrome; Strand Displacement Amplification; TMA; Transcription mediated amplification; Viral Pneumonias; Wuhan coronavirus",4180186
723476,"SARS 冠状病毒 2 RNA:存在情况或阈值:时间点:鼻咽:序数型:非探针法.基因扩增.靶向",4182948
723476,"SARS-CoV-2 RNA Nph Ql NAA+non-probe",4180186
706167,"2019 Novel Coronavirus; 2019-nCoV; 3 Self-Sustaining Sequence Replication; 3SR SR; Amplif; Amplification; Amplified; Corona virus; COVID19; COVID-19; DNA NUCLEIC ACID PROBE; DNA probe; II; LAT; LCR; Ligase chain reaction; Ligation-activated transcription; Microbiology; Misc; Miscellaneous; NAA+probe; NAAT; NASBA; Nucleic acid sequence based analysis; Other; PCR; Point in time; Polymerase chain reaction; Probe amp; Probe with ampification; Probe with target amplification; QBR; QNT; Quan; Quant; Quantitative; Random; SARS Coronavirus 1; SARS-CoV; SARS-CoV-1; SARS-CoV-2; SARS-CoV-2 N gene; SDA; Severe Acute Respiratory Syndrome; Spec; Strand Displacement Amplification; TMA; To be specified in another part of the message; Transcription mediated amplification; Unspecified; Viral Pneumonias; Wuhan coronavirus",4180186
706167,"SARS 冠状病毒 2 N 基因:阈值循环圈数:时间点:XXX:定量型:探针法.基因扩增.靶向",4182948
706167,"SARS-CoV-2 N gene Ct Spec Qn NAA+probe",4180186
706168,"2019 Novel Coronavirus; 2019-nCoV; 3 Self-Sustaining Sequence Replication; 3SR SR; Amplif; Amplification; Amplified; Corona virus; COVID19; COVID-19; DNA NUCLEIC ACID PROBE; DNA probe; II; LAT; LCR; Ligase chain reaction; Ligation-activated transcription; Microbiology; Misc; Miscellaneous; NAA+probe; NAAT; NASBA; Nucleic acid sequence based analysis; Other; PCR; Point in time; Polymerase chain reaction; Probe amp; Probe with ampification; Probe with target amplification; QBR; QNT; Quan; Quant; Quantitative; Random; SARS Coronavirus 1; SARS-CoV; SARS-CoV-1; SARS-CoV-2; SARS-CoV-2 ORF1ab; SDA; Severe Acute Respiratory Syndrome; Spec; Strand Displacement Amplification; TMA; To be specified in another part of the message; Transcription mediated amplification; Unspecified; Viral Pneumonias; Wuhan coronavirus",4180186
706168,"SARS 冠状病毒 2 ORF1ab 区域:阈值循环圈数:时间点:XXX:定量型:探针法.基因扩增.靶向",4182948
706168,"SARS-CoV-2 ORF1ab Ct Spec Qn NAA+probe",4180186
37020635,"3 Self-Sustaining Sequence Replication; 3SR SR; Amplif; Amplification; Amplified; Avian influenza; Bird flu; DNA NUCLEIC ACID PROBE; DNA probe; FLUA; FLUAV; FLUV; Fowl plague; Influ; Influenza A; Influenza A virus; LAT; LCR; Ligase chain reaction; Ligation-activated transcription; Microbiology; NAA+probe; NAAT; NASBA; Nucleic acid sequence based analysis; Ordinal; PCR; Point in time; Polymerase chain reaction; PR; Probe amp; Probe with ampification; Probe with target amplification; QBR; QL; Qual; Qualitative; Random; Ribonucleic acid; Screen; SDA; Strand Displacement Amplification; TMA; Transcription mediated amplification",4180186
37020635,"FLUAV RNA Resp Ql NAA+probe",4180186
37020635,"流感病毒 A 型 RNA:存在情况或阈值:时间点:呼吸道:序数型:探针法.基因扩增.靶向",4182948
700296,"Patient meets presumptive laboratory evidence criteria (detection of specific antigen in a clinical specimen, OR detection of specific antibody in serum, plasma, or whole blood indicative of a new or recent infection) for Disease caused by Severe acute respiratory syndrome coronavirus 2 (SARS-CoV-2)",4180186
706171,"3 Self-Sustaining Sequence Replication; 3SR SR; Amplif; Amplification; Amplified; Corona virus; DNA NUCLEIC ACID PROBE; DNA probe; LAT; LCR; Ligase chain reaction; Ligation-activated transcription; Microbiology; Misc; Miscellaneous; NAA+probe; NAAT; NASBA; Nucleic acid sequence based analysis; Ordinal; Other; PCR; Point in time; Polymerase chain reaction; PR; Probe amp; Probe with ampification; Probe with target amplification; QBR; QL; Qual; Qualitative; Random; SARS-like CoV; SARS-like CoV N; Screen; SDA; Severe Acute Respiratory Syndrome; Spec; Strand Displacement Amplification; TMA; To be specified in another part of the message; Transcription mediated amplification; Unspecified",4180186
706171,"SARS-like CoV N Spec Ql NAA+probe",4180186
706171,"SARS-样冠状病毒 N 基因:存在情况或阈值:时间点:XXX:序数型:探针法.基因扩增.靶向",4182948
37311061,"Disease caused by 2019 novel coronavirus",4180186
37311061,"Disease caused by 2019-nCoV",4180186
37311061,"Disease caused by Severe acute respiratory syndrome coronavirus 2",4180186
37311061,"Disease caused by Severe acute respiratory syndrome coronavirus 2 (disorder)",4180186
700360,"IADNA SARS-COV-2 COVID-19 AMPLIFIED PROBE TQ",4180186
36032174,"2019 Novel Coronavirus; 2019-nCoV; 3 Self-Sustaining Sequence Replication; 3SR SR; Amplif; Amplification; Amplified; Corona virus; COVID19; COVID-19; DNA NUCLEIC ACID PROBE; DNA probe; II; LAT; LCR; Ligase chain reaction; Ligation-activated transcription; Microbiology; NAA+probe; NAAT; NASBA; Nucleic acid sequence based analysis; Oral fluid; Ordinal; PCR; Point in time; Polymerase chain reaction; PR; Probe amp; Probe with ampification; Probe with target amplification; QBR; QL; Qual; Qualitative; Random; Sal; SARS Coronavirus 1; SARS-CoV; SARS-CoV-1; SARS-CoV-2; SARS-CoV-2 RdRp; Screen; SDA; Severe Acute Respiratory Syndrome; Strand Displacement Amplification; TMA; Transcription mediated amplification; Viral Pneumonias; Wuhan coronavirus",4180186
36032174,"SARS 冠状病毒 2 RdRp 基因:存在情况或阈值:时间点:唾液:序数型:探针法.基因扩增.靶向",4182948
36032174,"SARS-CoV-2 RdRp Sal Ql NAA+probe",4180186
3655976,"Acute hypoxemic respiratory failure due to disease caused by 2019 novel coronavirus",4180186
3655976,"Acute hypoxemic respiratory failure due to disease caused by 2019-nCoV",4180186
3655976,"Acute hypoxemic respiratory failure due to disease caused by 2019-nCoV (novel coronavirus)",4180186
3655976,"Acute hypoxemic respiratory failure due to disease caused by COVID-19",4180186
3655976,"Acute hypoxemic respiratory failure due to disease caused by SARS-CoV-2",4180186
3655976,"Acute hypoxemic respiratory failure due to disease caused by SARS-CoV-2 (severe acute respiratory syndrome coronavirus 2)",4180186
3655976,"Acute hypoxemic respiratory failure due to disease caused by Severe acute respiratory syndrome coronavirus 2 (disorder)",4180186
3656669,"Dyspnea caused by 2019 novel coronavirus",4180186
3656669,"Dyspnea caused by 2019-nCoV",4180186
3656669,"Dyspnea caused by SARS-CoV-2",4180186
3656669,"Dyspnea caused by Severe acute respiratory syndrome coronavirus 2 (disorder)",4180186
3656669,"Dyspnoea caused by 2019 novel coronavirus",4180186
3656669,"Dyspnoea caused by 2019-nCoV",4180186
3656669,"Dyspnoea caused by 2019-nCoV (novel coronavirus)",4180186
3656669,"Dyspnoea caused by SARS-CoV-2",4180186
3656669,"Dyspnoea caused by SARS-CoV-2 (severe acute respiratory syndrome coronavirus 2)",4180186
3656669,"Dyspnoea caused by Severe acute respiratory syndrome coronavirus 2",4180186
706175,"2019 Novel Coronavirus; 2019-nCoV; 3 Self-Sustaining Sequence Replication; 3SR SR; Amplif; Amplification; Amplified; Corona virus; COVID19; COVID-19; DNA NUCLEIC ACID PROBE; DNA probe; II; LAT; LCR; Ligase chain reaction; Ligation-activated transcription; Microbiology; Misc; Miscellaneous; NAA+probe; NAAT; NASBA; Nucleic acid sequence based analysis; Ordinal; Other; PCR; Point in time; Polymerase chain reaction; PR; Probe amp; Probe with ampification; Probe with target amplification; QBR; QL; Qual; Qualitative; Random; SARS Coronavirus 1; SARS-CoV; SARS-CoV-1; SARS-CoV-2; SARS-CoV-2 N gene; Screen; SDA; Severe Acute Respiratory Syndrome; Spec; Strand Displacement Amplification; TMA; To be specified in another part of the message; Transcription mediated amplification; Unspecified; Viral Pneumonias; Wuhan coronavirus",4180186
706175,"SARS 冠状病毒 2 N 基因:存在情况或阈值:时间点:XXX:序数型:探针法.基因扩增.靶向",4182948
706175,"SARS-CoV-2 N gene Spec Ql NAA+probe",4180186
756084,"Measurement of SARS-CoV-2 using Nucleic acid amplification technique in Unspecified specimen",4180186
723478,"2019 Novel Coronavirus; 2019-nCoV; 3 Self-Sustaining Sequence Replication; 3SR SR; Amplif; Amplification; Amplified; Corona virus; COVID19; COVID-19; DNA NUCLEIC ACID PROBE; DNA probe; II; LAT; LCR; Ligase chain reaction; Ligation-activated transcription; Microbiology; NAA+probe; NAAT; NASBA; Nucleic acid sequence based analysis; Ordinal; PCR; Point in time; Polymerase chain reaction; PR; Probe amp; Probe with ampification; Probe with target amplification; QBR; QL; Qual; Qualitative; Random; SARS Coronavirus 1; SARS-CoV; SARS-CoV-1; SARS-CoV-2; SARS-CoV-2 ORF1ab; Screen; SDA; Severe Acute Respiratory Syndrome; Strand Displacement Amplification; TMA; Transcription mediated amplification; Viral Pneumonias; Wuhan coronavirus",4180186
723478,"SARS 冠状病毒 2 ORF1ab 区域:存在情况或阈值:时间点:呼吸道:序数型:探针法.基因扩增.靶向",4182948
723478,"SARS-CoV-2 ORF1ab Resp Ql NAA+probe",4180186
705001,"Measurement of SARS-CoV-2 using Nucleic acid amplification technique",4180186
704976,"Measurement of SARS-CoV-2 in Sample from oropharynx",4180186
723472,"3 Self-Sustaining Sequence Replication; 3SR SR; Amplif; Amplification; Amplified; Corona virus; DNA NUCLEIC ACID PROBE; DNA probe; LAT; LCR; Ligase chain reaction; Ligation-activated transcription; Microbiology; Misc; Miscellaneous; NAA+probe; NAAT; NASBA; Nucleic acid sequence based analysis; Ordinal; Other; PCR; Point in time; Polymerase chain reaction; PR; Probe amp; Probe with ampification; Probe with target amplification; QBR; QL; Qual; Qualitative; Random; Ribonucleic acid; SARSr-CoV; Screen; SDA; Severe Acute Respiratory Syndrome; Spec; Strand Displacement Amplification; TMA; To be specified in another part of the message; Transcription mediated amplification; Unspecified",4180186
723472,"SARS-相关冠状病毒 RNA:存在情况或阈值:时间点:XXX:序数型:探针法.基因扩增.靶向",4182948
723472,"SARSr-CoV RNA Spec Ql NAA+probe",4180186
757677,"2019 Novel Coronavirus; 2019-nCoV; 3 Self-Sustaining Sequence Replication; 3SR SR; Amplif; Amplification; Amplified; Corona virus; COVID19; COVID-19; DNA NUCLEIC ACID PROBE; DNA probe; II; LAT; LCR; Ligase chain reaction; Ligation-activated transcription; Microbiology; NAA+probe; NAAT; Nasal; NASBA; Nos; Nose (nasal passage); Nucleic acid sequence based analysis; Ordinal; PCR; Point in time; Polymerase chain reaction; PR; Probe amp; Probe with ampification; Probe with target amplification; QBR; QL; Qual; Qualitative; Random; Ribonucleic acid; SARS Coronavirus 1; SARS-CoV; SARS-CoV-1; SARS-CoV-2; Screen; SDA; Severe Acute Respiratory Syndrome; Smell; Strand Displacement Amplification; TMA; Transcription mediated amplification; Viral Pneumonias; Wuhan coronavirus",4180186
757677,"SARS 冠状病毒 2 RNA:存在情况或阈值:时间点:鼻:序数型:探针法.基因扩增.靶向",4182948
757677,"SARS-CoV-2 RNA Nose Ql NAA+probe",4180186
36031861,"2019 Novel Coronavirus; 2019-nCoV; 3 Self-Sustaining Sequence Replication; 3SR SR; Amplif; Amplification; Amplified; Avian influenza; Bird flu; Corona virus; COVID19; COVID-19; DNA NUCLEIC ACID PROBE; DNA probe; FLUA; FLUABV + SARS-CoV-2; FLUABV+SARS-CoV-2+RSV RNA Pnl; FLUAV; FLUB; FLUBV; FLUV; Fowl plague; HRSV; II; Influ; Influenza A; Influenza A virus; Influenza B; Influenza B virus; LAT; LCR; Ligase chain reaction; Ligation-activated transcription; Microbiology; NAA+probe; NAAT; NASBA; Nucleic acid sequence based analysis; Pan; PANEL.MICROBIOLOGY; Panl; PCR; Pnl; Point in time; Polymerase chain reaction; Probe amp; Probe with ampification; Probe with target amplification; QBR; Random; Ribonucleic acid; RSV; SARS Coronavirus 1; SARS-CoV; SARS-CoV-1; SARS-CoV-2; SDA; Severe Acute Respiratory Syndrome; Strand Displacement Amplification; TMA; Transcription mediated amplification; Viral Pneumonias; Wuhan coronavirus",4180186
36031861,"FLUABV+SARS-CoV-2+RSV Pnl Resp NAA+probe",4180186
37021252,"3 Self-Sustaining Sequence Replication; 3SR SR; Amplif; Amplification; Amplified; DNA NUCLEIC ACID PROBE; DNA probe; FLUB; FLUBV; FLUV; Influ; Influenza B; Influenza B virus; LAT; LCR; Ligase chain reaction; Ligation-activated transcription; Microbiology; NAA+probe; NAAT; NASBA; Nucleic acid sequence based analysis; Ordinal; PCR; Point in time; Polymerase chain reaction; PR; Probe amp; Probe with ampification; Probe with target amplification; QBR; QL; Qual; Qualitative; Random; Ribonucleic acid; Screen; SDA; Strand Displacement Amplification; TMA; Transcription mediated amplification",4180186
37021252,"FLUBV RNA Resp Ql NAA+probe",4180186
37021252,"流感病毒 B 型 RNA:存在情况或阈值:时间点:呼吸道:序数型:探针法.基因扩增.靶向",4182948
706156,"2019 Novel Coronavirus; 2019-nCoV; 3 Self-Sustaining Sequence Replication; 3SR SR; Amplif; Amplification; Amplified; Centers for Disease Control and Prevention; Corona virus; COVID19; COVID-19; DNA NUCLEIC ACID PROBE; DNA probe; II; LAT; LCR; Ligase chain reaction; Ligation-activated transcription; Microbiology; Misc; Miscellaneous; NAA N1; NAA+probe; NAAT; NASBA; Nucleic acid sequence based analysis; Ordinal; Other; PCR; Point in time; Polymerase chain reaction; PR; Probe amp; Probe with ampification; Probe with target amplification; QBR; QL; Qual; Qualitative; Random; SARS Coronavirus 1; SARS-CoV; SARS-CoV-1; SARS-CoV-2; SARS-CoV-2 N gene; Screen; SDA; Severe Acute Respiratory Syndrome; Spec; Strand Displacement Amplification; TMA; To be specified in another part of the message; Transcription mediated amplification; Unspecified; Viral Pneumonias; Wuhan coronavirus",4180186
706156,"SARS 冠状病毒 2 N 基因:存在情况或阈值:时间点:XXX:序数型:探针法.基因扩增.靶向.CDC 引物-探针组 N1",4182948
706156,"SARS-CoV-2 N gene Spec Ql NAA N1",4180186
3661885,"Fever caused by 2019 novel coronavirus",4180186
3661885,"Fever caused by 2019-nCoV",4180186
3661885,"Fever caused by 2019-nCoV (novel coronavirus)",4180186
3661885,"Fever caused by SARS-CoV-2",4180186
3661885,"Fever caused by SARS-CoV-2 (severe acute respiratory syndrome coronavirus 2)",4180186
3661885,"Fever caused by Severe acute respiratory syndrome coronavirus 2 (disorder)",4180186
36661376,"2019 Novel Coronavirus; 2019-nCoV; 3 Self-Sustaining Sequence Replication; 3SR SR; Amplif; Amplification; Amplified; Avian influenza; Bird flu; Corona virus; COVID19; COVID-19; DNA NUCLEIC ACID PROBE; DNA probe; FLUA; FLUABV + SARS-CoV-2; FLUABV+SARS-CoV-2 RNA Pnl; FLUAV; FLUB; FLUBV; FLUV; Fowl plague; II; Influ; Influenza A; Influenza A virus; Influenza B; Influenza B virus; LAT; LCR; Ligase chain reaction; Ligation-activated transcription; Microbiology; NAA+probe; NAAT; NASBA; Nucleic acid sequence based analysis; Pan; PANEL.MICROBIOLOGY; Panl; PCR; Pnl; Point in time; Polymerase chain reaction; Probe amp; Probe with ampification; Probe with target amplification; QBR; Random; Ribonucleic acid; SARS Coronavirus 1; SARS-CoV; SARS-CoV-1; SARS-CoV-2; SARS-CoV-2 RNA Pnl; SDA; Severe Acute Respiratory Syndrome; Strand Displacement Amplification; TMA; Transcription mediated amplification; Viral Pneumonias; Wuhan coronavirus",4180186
36661376,"FLUABV + SARS-CoV-2 Pnl Resp NAA+prb",4180186
36032286,"3 Self-Sustaining Sequence Replication; 3SR SR; Amplif; Amplification; Amplified; Corona virus; DNA NUCLEIC ACID PROBE; DNA probe; LAT; LCR; Ligase chain reaction; Ligation-activated transcription; Microbiology; NAA+probe; NAAT; NASBA; Nucleic acid sequence based analysis; Ordinal; PCR; Point in time; Polymerase chain reaction; PR; Probe amp; Probe with ampification; Probe with target amplification; QBR; QL; Qual; Qualitative; Random; SARSr-CoV; SARS-rel CoV E gene; Screen; SDA; Severe Acute Respiratory Syndrome; Strand Displacement Amplification; TMA; Transcription mediated amplification; Up; Upper resp",4180186
36032286,"SARS 冠状病毒 2 E 基因:存在情况或阈值:时间点:呼吸道.上:序数型:探针法.基因扩增.靶向",4182948
36032286,"SARS-rel CoV E gene Upper resp Ql NAA+prb",4180186
756031,"Bronchitis caused by Severe acute respiratory syndrome coronavirus 2 (SARS-CoV-2)",4180186
704975,"Measurement of SARS-CoV-2 using Nucleic acid amplification technique in Sample from oropharynx",4180186
704993,"Measurement of SARS-CoV-2 using Sequencing",4180186
36031944,"2019 Novel Coronavirus; 2019-nCoV; Blood; Clonality; Corona virus; COVID19; COVID-19; high-throughput sequencing; HTS; II; Leukemia; Lymphoma; Microbiology; Next generation sequencing; NGS; Ordinal; Point in time; PR; QL; Qual; Qualitative; Random; Rearr; Rearrangement; SARS Coronavirus 1; SARS-CoV; SARS-CoV-1; SARS-CoV-2; SARS-CoV-2 TCRB; Screen; Severe Acute Respiratory Syndrome; Spec; T cell receptor beta chain; Viral Pneumonias; WB; Whole blood; Wuhan coronavirus",4180186
36031944,"SARS-CoV-2 TCRB Bld Ql Seq",4180186
586519,"2019 Novel Coronavirus; 2019-nCoV; 3 Self-Sustaining Sequence Replication; 3SR SR; Amplif; Amplification; Amplified; Corona virus; COVID19; COVID-19; DNA NUCLEIC ACID PROBE; DNA probe; II; LAT; LCR; Ligase chain reaction; Ligation-activated transcription; Microbiology; NAA+probe; NAAT; NASBA; Nucleic acid sequence based analysis; Ordinal; PCR; Pl; Plasma; Plsm; Point in time; Polymerase chain reaction; PR; Probe amp; Probe with ampification; Probe with target amplification; QBR; QL; Qual; Qualitative; Random; S prime; SARS Coronavirus 1; SARS-CoV; SARS-CoV-1; SARS-CoV-2; SARS-CoV-2 S gene; SARS-Related Coronavirus; Screen; SDA; SerP; SerPl; SerPlas; Serum; Serum or plasma; Severe Acute Respiratory Syndrome; SR; Strand Displacement Amplification; TMA; Transcription mediated amplification; Viral Pneumonias; Wuhan coronavirus",4180186
586519,"SARS 冠状病毒 2 S 基因:存在情况或阈值:时间点:血清/血浆:序数型:探针法.基因扩增.靶向",4182948
586519,"SARS-CoV-2 S gene SerPl Ql NAA+probe",4180186
706164,"3 Self-Sustaining Sequence Replication; 3SR SR; Amplif; Amplification; Amplified; Camel flu; Corona virus; DNA NUCLEIC ACID PROBE; DNA probe; HCoV-EMC/2012; LAT; LCR; Ligase chain reaction; Ligation-activated transcription; MERS-CoV; MERS-CoV RNA; Microbiology; NAA+probe; NAAT; NASBA; Nucleic acid sequence based analysis; Ordinal; PCR; Point in time; Polymerase chain reaction; PR; Probe amp; Probe with ampification; Probe with target amplification; QBR; QL; Qual; Qualitative; Random; Ribonucleic acid; Screen; SDA; Strand Displacement Amplification; TMA; Transcription mediated amplification",4180186
706164,"MERS-CoV RNA Resp Ql NAA+probe",4180186
706164,"中东呼吸综合征冠状病毒 RNA:存在情况或阈值:时间点:呼吸道:序数型:探针法.基因扩增.靶向",4182948
45770687,"Coronavirus ribonucleic acid detection assay (procedure)",4180186
36659667,"3 Self-Sustaining Sequence Replication; 3SR SR; Amplif; Amplification; Amplified; Corona virus; DNA NUCLEIC ACID PROBE; DNA probe; HCoV; HCoV HKU1; LAT; LCR; Ligase chain reaction; Ligation-activated transcription; Low; Lower Resp; Microbiology; NAA+non-probe; NAA+probe; NAAT; NASBA; Nucleic acid sequence based analysis; Ordinal; PCR; Point in time; Polymerase chain reaction; PR; Probe amp; Probe with ampification; Probe with target amplification; QBR; QL; Qual; Qualitative; Random; Ribonucleic acid; Screen; SDA; Strand Displacement Amplification; TMA; Transcription mediated amplification",4180186
36659667,"HCoV HKU1 RNA Low resp Ql NAA+non-probe",4180186
36659667,"人类冠状病毒 HKU1 型 RNA:存在情况或阈值:时间点:呼吸道.下:序数型:非探针法.基因扩增.靶向",4182948
36032295,"3 Self-Sustaining Sequence Replication; 3SR SR; Amplif; Amplification; Amplified; Corona virus; DNA NUCLEIC ACID PROBE; DNA probe; LAT; LCR; Ligase chain reaction; Ligation-activated transcription; Low; Lower resp; Microbiology; NAA+probe; NAAT; NASBA; Nucleic acid sequence based analysis; Ordinal; PCR; Point in time; Polymerase chain reaction; PR; Probe amp; Probe with ampification; Probe with target amplification; QBR; QL; Qual; Qualitative; Random; SARSr-CoV; SARS-rel CoV E gene; Screen; SDA; Severe Acute Respiratory Syndrome; Strand Displacement Amplification; TMA; Transcription mediated amplification",4180186
36032295,"SARS 冠状病毒 2 E 基因:存在情况或阈值:时间点:呼吸道.下:序数型:探针法.基因扩增.靶向",4182948
36032295,"SARS-rel CoV E gene Low resp Ql NAA+prb",4180186
37310257,"Measurement of 2019 novel coronavirus antigen",4180186
37310257,"Measurement of 2019-nCoV (novel coronavirus) antigen",4180186
37310257,"Measurement of 2019-nCoV antigen",4180186
37310257,"Measurement of COVID-19 antigen",4180186
37310257,"Measurement of SARS-CoV-2 (severe acute respiratory syndrome coronavirus 2) antigen",4180186
37310257,"Measurement of SARS-CoV-2 antigen",4180186
37310257,"Measurement of Severe acute respiratory syndrome coronavirus 2 antigen (observable entity)",4180186
40218804,"COVID-19 testing in non-CDC laboratory",4180186
757685,"2019 Novel Coronavirus; 2019-nCoV; Antigen; Antigens; Corona virus; COVID19; COVID-19; EIA; ELFA; ELISA; Enzyme immunoassay; IAA; II; MEIA; Microbiology; Ordinal; Point in time; PR; QL; Qual; Qualitative; Random; SARS Coronavirus 1; SARS-CoV; SARS-CoV+SARS-CoV-2; SARS-CoV+SARS-CoV-2 Ag; SARS-CoV-1; SARS-CoV-2; Screen; Severe Acute Respiratory Syndrome; SUDS; Viral Pneumonias; Wuhan coronavirus",4180186
757685,"SARS 冠状病毒+SARS 冠状病毒 2 抗原:存在情况或阈值:时间点:呼吸道:序数型:免疫测定法.快速",4182948
757685,"SARS-CoV+SARS-CoV-2 Ag Resp Ql IA.rapid",4180186
37310284,"Encephalopathy due to COVID-19",4180186
37310284,"Encephalopathy due to disease caused by 2019 novel coronavirus",4180186
37310284,"Encephalopathy due to disease caused by 2019-nCoV",4180186
37310284,"Encephalopathy due to disease caused by 2019-nCoV (novel coronavirus)",4180186
37310284,"Encephalopathy due to disease caused by SARS-CoV-2",4180186
37310284,"Encephalopathy due to disease caused by SARS-CoV-2 (severe acute respiratory syndrome coronavirus 2)",4180186
37310284,"Encephalopathy due to disease caused by Severe acute respiratory syndrome coronavirus 2 (disorder)",4180186
723470,"2019 Novel Coronavirus; 2019-nCoV; 3 Self-Sustaining Sequence Replication; 3SR SR; Amplif; Amplification; Amplified; Corona virus; COVID19; COVID-19; DNA NUCLEIC ACID PROBE; DNA probe; II; LAT; LCR; Ligase chain reaction; Ligation-activated transcription; Microbiology; Misc; Miscellaneous; NAA+probe; NAAT; NASBA; Nucleic acid sequence based analysis; Other; PCR; Point in time; Polymerase chain reaction; Probe amp; Probe with ampification; Probe with target amplification; QBR; QNT; Quan; Quant; Quantitative; Random; SARS Coronavirus 1; SARS-CoV; SARS-CoV-1; SARS-CoV-2; SARS-CoV-2 RdRp; SDA; Severe Acute Respiratory Syndrome; Spec; Strand Displacement Amplification; TMA; To be specified in another part of the message; Transcription mediated amplification; Unspecified; Viral Pneumonias; Wuhan coronavirus",4180186
723470,"SARS 冠状病毒 2 RdRp 基因:阈值循环圈数:时间点:XXX:定量型:探针法.基因扩增.靶向",4182948
723470,"SARS-CoV-2 RdRp Ct Spec Qn NAA+probe",4180186
44811805,"Coronavirus nucleic acid detection assay (procedure)",4180186
723471,"2019 Novel Coronavirus; 2019-nCoV; 3 Self-Sustaining Sequence Replication; 3SR SR; Amplif; Amplification; Amplified; Corona virus; COVID19; COVID-19; DNA NUCLEIC ACID PROBE; DNA probe; II; LAT; LCR; Ligase chain reaction; Ligation-activated transcription; Microbiology; NAA+probe; NAAT; NASBA; Nucleic acid sequence based analysis; PCR; Point in time; Polymerase chain reaction; Probe amp; Probe with ampification; Probe with target amplification; QBR; QNT; Quan; Quant; Quantitative; Random; SARS Coronavirus 1; SARS-CoV; SARS-CoV-1; SARS-CoV-2; SARS-CoV-2 RdRp; SDA; Severe Acute Respiratory Syndrome; Strand Displacement Amplification; TMA; Transcription mediated amplification; Viral Pneumonias; Wuhan coronavirus",4180186
723471,"SARS 冠状病毒 2 RdRp 基因:阈值循环圈数:时间点:呼吸道:定量型:探针法.基因扩增.靶向",4182948
723471,"SARS-CoV-2 RdRp Ct Resp Qn NAA+probe",4180186
3655975,"Sepsis due to disease caused by 2019 novel coronavirus",4180186
3655975,"Sepsis due to disease caused by 2019-nCoV",4180186
3655975,"Sepsis due to disease caused by 2019-nCoV (novel coronavirus)",4180186
3655975,"Sepsis due to disease caused by COVID-19",4180186
3655975,"Sepsis due to disease caused by SARS-CoV-2",4180186
3655975,"Sepsis due to disease caused by SARS-CoV-2 (severe acute respiratory syndrome coronavirus 2)",4180186
3655975,"Sepsis due to disease caused by Severe acute respiratory syndrome coronavirus 2 (disorder)",4180186
3661632,"Thrombocytopenia due to 2019 novel coronavirus",4180186
3661632,"Thrombocytopenia due to 2019-nCoV (novel coronavirus)",4180186
3661632,"Thrombocytopenia due to COVID-19",4180186
3661632,"Thrombocytopenia due to SARS-CoV-2",4180186
3661632,"Thrombocytopenia due to SARS-CoV-2 (severe acute respiratory syndrome coronavirus 2)",4180186
3661632,"Thrombocytopenia due to Severe acute respiratory syndrome coronavirus 2 (disorder)",4180186
586529,"2019 Novel Coronavirus; 2019-nCoV; 3 Self-Sustaining Sequence Replication; 3SR SR; Amplif; Amplification; Amplified; Corona virus; COVID19; COVID-19; DNA NUCLEIC ACID PROBE; DNA probe; II; LAT; LCR; Ligase chain reaction; Ligation-activated transcription; Microbiology; Misc; Miscellaneous; NAA+probe; NAAT; NASBA; Nucleic acid sequence based analysis; Other; PCR; Point in time; Polymerase chain reaction; Probe amp; Probe with ampification; Probe with target amplification; QBR; QNT; Quan; Quant; Quantitative; Random; Ribonucleic acid; SARS Coronavirus 1; SARS-CoV; SARS-CoV-1; SARS-CoV-2; SDA; Severe Acute Respiratory Syndrome; Spec; Strand Displacement Amplification; TMA; To be specified in another part of the message; Transcription mediated amplification; Unspecified; Viral Pneumonias; Wuhan coronavirus",4180186
586529,"SARS 冠状病毒 2 RNA:阈值循环圈数:时间点:XXX:定量型:探针法.基因扩增.靶向",4182948
586529,"SARS-CoV-2 RNA Ct Spec Qn NAA+probe",4180186
586309,"Measurement of SARS-CoV-2 in Specified specimen",4180186
704991,"Measurement of SARS-CoV-2 in Blood",4180186
706159,"3 Self-Sustaining Sequence Replication; 3SR SR; Amplif; Amplification; Amplified; Corona virus; DNA NUCLEIC ACID PROBE; DNA probe; LAT; LCR; Ligase chain reaction; Ligation-activated transcription; Microbiology; NAA+probe; NAAT; NASBA; Nucleic acid sequence based analysis; Ordinal; PCR; Point in time; Polymerase chain reaction; PR; Probe amp; Probe with ampification; Probe with target amplification; QBR; QL; Qual; Qualitative; Random; Ribonucleic acid; SARSr-CoV; SARSr-CoV+MERS; Screen; SDA; Severe Acute Respiratory Syndrome; Strand Displacement Amplification; TMA; Transcription mediated amplification",4180186
706159,"SARS-rel CoV+MERS RNA Resp Ql NAA+probe",4180186
706159,"SARS-相关冠状病毒+MERS 冠状病毒 RNA:存在情况或阈值:时间点:呼吸道:序数型:探针法.基因扩增.靶向",4182948
40771518,"3 Self-Sustaining Sequence Replication; 3SR SR; Amplif; Amplification; Amplified; DNA NUCLEIC ACID PROBE; DNA probe; LAT; LCR; Ligase chain reaction; Ligation-activated transcription; Microbiology; Misc; Miscellaneous; NAA+probe; NAAT; NASBA; Nucleic acid sequence based analysis; Ordinal; Other; P prime; PCR; Point in time; Polymerase chain reaction; PR; Probe amp; Probe with ampification; Probe with target amplification; QBR; QL; Qual; Qualitative; Random; Ribonuclease; Ribonucleic acid; Screen; SDA; Spec; Strand Displacement Amplification; TMA; To be specified in another part of the message; Transcription mediated amplification; Unspecified",4180186
40771518,"Human RNase P RNA Spec Ql NAA+probe",4180186
40771518,"人核糖核酸酶 P RNA:存在情况或阈值:时间点:XXX:序数型:探针法.基因扩增.靶向",4182948
723468,"2019 Novel Coronavirus; 2019-nCoV; 3 Self-Sustaining Sequence Replication; 3SR SR; Amplif; Amplification; Amplified; Corona virus; COVID19; COVID-19; DNA NUCLEIC ACID PROBE; DNA probe; II; LAT; LCR; Ligase chain reaction; Ligation-activated transcription; Microbiology; Misc; Miscellaneous; NAA+probe; NAAT; NASBA; Nucleic acid sequence based analysis; Other; PCR; Point in time; Polymerase chain reaction; Probe amp; Probe with ampification; Probe with target amplification; QBR; QNT; Quan; Quant; Quantitative; Random; S prime; SARS Coronavirus 1; SARS-CoV; SARS-CoV-1; SARS-CoV-2; SARS-CoV-2 S gene; SARS-Related Coronavirus; SDA; Severe Acute Respiratory Syndrome; Spec; Strand Displacement Amplification; TMA; To be specified in another part of the message; Transcription mediated amplification; Unspecified; Viral Pneumonias; Wuhan coronavirus",4180186
723468,"SARS 冠状病毒 2 S 基因:阈值循环圈数:时间点:XXX:定量型:探针法.基因扩增.靶向",4182948
723468,"SARS-CoV-2 S gene Ct Spec Qn NAA+probe",4180186
706165,"3 Self-Sustaining Sequence Replication; 3SR SR; Amplif; Amplification; Amplified; Corona virus; DNA NUCLEIC ACID PROBE; DNA probe; LAT; LCR; Ligase chain reaction; Ligation-activated transcription; Microbiology; NAA+probe; NAAT; NASBA; Nucleic acid sequence based analysis; Ordinal; PCR; Point in time; Polymerase chain reaction; PR; Probe amp; Probe with ampification; Probe with target amplification; QBR; QL; Qual; Qualitative; Random; Ribonucleic acid; SARSr-CoV; Screen; SDA; Severe Acute Respiratory Syndrome; Strand Displacement Amplification; TMA; Transcription mediated amplification",4180186
706165,"SARS-rel CoV RNA Resp Ql NAA+probe",4180186
706165,"SARS-相关冠状病毒 RNA:存在情况或阈值:时间点:呼吸道:序数型:探针法.基因扩增.靶向",4182948
36659749,"3 Self-Sustaining Sequence Replication; 3SR SR; Amplif; Amplification; Amplified; BCV; Beef; Corona virus; DNA NUCLEIC ACID PROBE; DNA probe; LAT; LCR; Ligase chain reaction; Ligation-activated transcription; Microbiology; Misc; Miscellaneous; NAA+probe; NAAT; NASBA; Nucleic acid sequence based analysis; Other; PCR; Point in time; Polymerase chain reaction; Probe amp; Probe with ampification; Probe with target amplification; QBR; QNT; Quan; Quant; Quantitative; Random; Ribonucleic acid; SDA; Spec; Strand Displacement Amplification; TMA; To be specified in another part of the message; Transcription mediated amplification; Unspecified",4180186
36659749,"BCV RNA Ct Spec Qn NAA+probe",4180186
36659749,"牛冠状病毒 RNA:阈值循环圈数:时间点:XXX:定量型:探针法.基因扩增.靶向",4182948
742218,"Infectious disease (bacterial or viralrespiratory tract infection), pathogenspecific nucleic acid (DNA or RNA),22 targets including severe acuterespiratory syndrome coronavirus 2(SARS-CoV-2), qualitative RT-PCR,nasopharyngeal swab, each pathogen reported as detected or not detected",4180186
723465,"2019 Novel Coronavirus; 2019-nCoV; 3 Self-Sustaining Sequence Replication; 3SR SR; Amplif; Amplification; Amplified; Corona virus; COVID19; COVID-19; DNA NUCLEIC ACID PROBE; DNA probe; II; LAT; LCR; Ligase chain reaction; Ligation-activated transcription; Microbiology; NAA+probe; NAAT; NASBA; Nucleic acid sequence based analysis; Ordinal; PCR; Point in time; Polymerase chain reaction; PR; Probe amp; Probe with ampification; Probe with target amplification; QBR; QL; Qual; Qualitative; Random; S prime; SARS Coronavirus 1; SARS-CoV; SARS-CoV-1; SARS-CoV-2; SARS-CoV-2 S gene; SARS-Related Coronavirus; Screen; SDA; Severe Acute Respiratory Syndrome; Strand Displacement Amplification; TMA; Transcription mediated amplification; Viral Pneumonias; Wuhan coronavirus",4180186
723465,"SARS 冠状病毒 2 S 基因:存在情况或阈值:时间点:呼吸道:序数型:探针法.基因扩增.靶向",4182948
723465,"SARS-CoV-2 S gene Resp Ql NAA+probe",4180186
586516,"2019 Novel Coronavirus; 2019-nCoV; C&S; Corona virus; COVID19; COVID-19; Cult; Cultures; II; Microbiology; Misc; Miscellaneous; Ordinal; Other; Point in time; PR; QL; Qual; Qualitative; Random; SARS Coronavirus 1; SARS-CoV; SARS-CoV-1; SARS-CoV-2; Screen; Severe Acute Respiratory Syndrome; Spec; To be specified in another part of the message; Unspecified; Viral Pneumonias; Wuhan coronavirus",4180186
586516,"SARS 冠状病毒 2:存在情况或阈值:时间点:XXX:序数型:微生物特异性培养",4182948
586516,"SARS-CoV-2 Spec Ql Cult",4180186
4100065,"Disease caused by Coronaviridae",4180186
4100065,"Disease caused by Coronaviridae (disorder)",4180186
704996,"Patient meets laboratory diagnostic criteria for Disease caused by Severe acute respiratory syndrome coronavirus 2 (SARS-CoV-2)",4180186
37310287,"Myocarditis due to COVID-19",4180186
37310287,"Myocarditis due to disease caused by 2019 novel coronavirus",4180186
37310287,"Myocarditis due to disease caused by 2019-nCoV",4180186
37310287,"Myocarditis due to disease caused by 2019-nCoV (novel coronavirus)",4180186
37310287,"Myocarditis due to disease caused by SARS-CoV-2",4180186
37310287,"Myocarditis due to disease caused by SARS-CoV-2 (severe acute respiratory syndrome coronavirus 2)",4180186
37310287,"Myocarditis due to disease caused by Severe acute respiratory syndrome coronavirus 2 (disorder)",4180186
45600471,"Oth coronavirus as the cause of diseases classd elswhr",4180186
706170,"2019 Novel Coronavirus; 2019-nCoV; 3 Self-Sustaining Sequence Replication; 3SR SR; Amplif; Amplification; Amplified; Corona virus; COVID19; COVID-19; DNA NUCLEIC ACID PROBE; DNA probe; II; LAT; LCR; Ligase chain reaction; Ligation-activated transcription; Microbiology; Misc; Miscellaneous; NAA+probe; NAAT; NASBA; Nucleic acid sequence based analysis; Ordinal; Other; PCR; Point in time; Polymerase chain reaction; PR; Probe amp; Probe with ampification; Probe with target amplification; QBR; QL; Qual; Qualitative; Random; Ribonucleic acid; SARS Coronavirus 1; SARS-CoV; SARS-CoV-1; SARS-CoV-2; Screen; SDA; Severe Acute Respiratory Syndrome; Spec; Strand Displacement Amplification; TMA; To be specified in another part of the message; Transcription mediated amplification; Unspecified; Viral Pneumonias; Wuhan coronavirus",4180186
706170,"SARS 冠状病毒 2 RNA:存在情况或阈值:时间点:XXX:序数型:探针法.基因扩增.靶向",4182948
706170,"SARS-CoV-2 RNA Spec Ql NAA+probe",4180186
36031238,"2019 Novel Coronavirus; 2019-nCoV; 3 Self-Sustaining Sequence Replication; 3SR SR; Amplif; Amplification; Amplified; Corona virus; COVID19; COVID-19; DNA NUCLEIC ACID PROBE; DNA probe; II; LAT; LCR; Ligase chain reaction; Ligation-activated transcription; Microbiology; NAA+non-probe; NAA+probe; NAAT; NASBA; Nucleic acid sequence based analysis; Ordinal; PCR; Point in time; Polymerase chain reaction; PR; Probe amp; Probe with ampification; Probe with target amplification; QBR; QL; Qual; Qualitative; Random; Ribonucleic acid; SARS Coronavirus 1; SARS-CoV; SARS-CoV-1; SARS-CoV-2; Screen; SDA; Severe Acute Respiratory Syndrome; Strand Displacement Amplification; TMA; Transcription mediated amplification; Viral Pneumonias; Wuhan coronavirus",4180186
36031238,"SARS 冠状病毒 2 RNA:存在情况或阈值:时间点:呼吸道:序数型:非探针法.基因扩增.靶向",4182948
36031238,"SARS-CoV-2 RNA Resp Ql NAA+non-probe",4180186
36032352,"2019 Novel Coronavirus; 2019-nCoV; 3 Self-Sustaining Sequence Replication; 3SR SR; Amplif; Amplification; Amplified; Corona virus; COVID19; COVID-19; DNA NUCLEIC ACID PROBE; DNA probe; II; LAT; LCR; Ligase chain reaction; Ligation-activated transcription; Microbiology; NAA+probe; NAAT; NASBA; Nucleic acid sequence based analysis; Pan; PANEL.MICROBIOLOGY; Panl; PCR; Pnl; Point in time; Polymerase chain reaction; Probe amp; Probe with ampification; Probe with target amplification; QBR; Random; Ribonucleic acid; SARS Coronavirus 1; SARS-CoV; SARS-CoV-1; SARS-CoV-2; SARS-CoV-2+SARSr-CoV; SARS-CoV-2+SARSr-CoV RNA; SARS-CoV-2+SARSr-CoV RNA pnl; SARSr-CoV; SDA; Severe Acute Respiratory Syndrome; Strand Displacement Amplification; TMA; Transcription mediated amplification; Viral Pneumonias; Wuhan coronavirus",4180186
36032352,"SARS-CoV-2+SARSr-CoV pnl Resp NAA+probe",4180186
36031213,"2019 Novel Coronavirus; 2019-nCoV; Corona virus; COVID19; COVID-19; high-throughput sequencing; HTS; II; Microbiology; Next generation sequencing; NGS; Ordinal; Point in time; PR; QL; Qual; Qualitative; Random; S prime; SARS Coronavirus 1; SARS-CoV; SARS-CoV-1; SARS-CoV-2; SARS-CoV-2 S gene; SARS-Related Coronavirus; Screen; Severe Acute Respiratory Syndrome; Viral Pneumonias; Wuhan coronavirus",4180186
36031213,"SARS 冠状病毒 2 S 基因:存在情况或阈值:时间点:呼吸道:序数型:序列测定",4182948
36031213,"SARS-CoV-2 S gene Resp Ql Seq",4180186
586525,"2019 Novel Coronavirus; 2019-nCoV; 3 Self-Sustaining Sequence Replication; 3SR SR; Amplif; Amplification; Amplified; Centers for Disease Control and Prevention; Corona virus; COVID19; COVID-19; DNA NUCLEIC ACID PROBE; DNA probe; II; LAT; LCR; Ligase chain reaction; Ligation-activated transcription; Microbiology; NAA N2; NAA+probe; NAAT; NASBA; Nucleic acid sequence based analysis; Ordinal; PCR; Point in time; Polymerase chain reaction; PR; Probe amp; Probe with ampification; Probe with target amplification; QBR; QL; Qual; Qualitative; Random; SARS Coronavirus 1; SARS-CoV; SARS-CoV-1; SARS-CoV-2; SARS-CoV-2 N gene; Screen; SDA; Severe Acute Respiratory Syndrome; Strand Displacement Amplification; TMA; Transcription mediated amplification; Viral Pneumonias; Wuhan coronavirus",4180186
586525,"SARS 冠状病毒 2 N 基因:存在情况或阈值:时间点:呼吸道:序数型:探针法.基因扩增.靶向.CDC 引物-探针组 N2",4182948
586525,"SARS-CoV-2 N gene Resp Ql NAA N2",4180186
706157,"2019 Novel Coronavirus; 2019-nCoV; 3 Self-Sustaining Sequence Replication; 3SR SR; Amplif; Amplification; Amplified; Centers for Disease Control and Prevention; Corona virus; COVID19; COVID-19; DNA NUCLEIC ACID PROBE; DNA probe; II; LAT; LCR; Ligase chain reaction; Ligation-activated transcription; Microbiology; Misc; Miscellaneous; NAA N1; NAA+probe; NAAT; NASBA; Nucleic acid sequence based analysis; Other; PCR; Point in time; Polymerase chain reaction; Probe amp; Probe with ampification; Probe with target amplification; QBR; QNT; Quan; Quant; Quantitative; Random; SARS Coronavirus 1; SARS-CoV; SARS-CoV-1; SARS-CoV-2; SARS-CoV-2 N gene; SDA; Severe Acute Respiratory Syndrome; Spec; Strand Displacement Amplification; TMA; To be specified in another part of the message; Transcription mediated amplification; Unspecified; Viral Pneumonias; Wuhan coronavirus",4180186
706157,"SARS 冠状病毒 2 N 基因:阈值循环圈数:时间点:XXX:定量型:探针法.基因扩增.靶向.CDC 引物-探针组 N1",4182948
706157,"SARS-CoV-2 N gene Ct Spec Qn NAA N1",4180186
723467,"2019 Novel Coronavirus; 2019-nCoV; 3 Self-Sustaining Sequence Replication; 3SR SR; Amplif; Amplification; Amplified; Corona virus; COVID19; COVID-19; DNA NUCLEIC ACID PROBE; DNA probe; II; LAT; LCR; Ligase chain reaction; Ligation-activated transcription; Microbiology; NAA+probe; NAAT; NASBA; Nucleic acid sequence based analysis; PCR; Point in time; Polymerase chain reaction; Probe amp; Probe with ampification; Probe with target amplification; QBR; QNT; Quan; Quant; Quantitative; Random; S prime; SARS Coronavirus 1; SARS-CoV; SARS-CoV-1; SARS-CoV-2; SARS-CoV-2 S gene; SARS-Related Coronavirus; SDA; Severe Acute Respiratory Syndrome; Strand Displacement Amplification; TMA; Transcription mediated amplification; Viral Pneumonias; Wuhan coronavirus",4180186
723467,"SARS 冠状病毒 2 S 基因:阈值循环圈数:时间点:呼吸道:定量型:探针法.基因扩增.靶向",4182948
723467,"SARS-CoV-2 S gene Ct Resp Qn NAA+probe",4180186
36032258,"2019 Novel Coronavirus; 2019-nCoV; 3 Self-Sustaining Sequence Replication; 3SR SR; Amplif; Amplification; Amplified; Centers for Disease Control and Prevention; Corona virus; COVID19; COVID-19; DNA NUCLEIC ACID PROBE; DNA probe; II; LAT; LCR; Ligase chain reaction; Ligation-activated transcription; Microbiology; NAA N1; NAA+probe; NAAT; NASBA; Nucleic acid sequence based analysis; Oral fluid; Ordinal; PCR; Point in time; Polymerase chain reaction; PR; Probe amp; Probe with ampification; Probe with target amplification; QBR; QL; Qual; Qualitative; Random; Sal; SARS Coronavirus 1; SARS-CoV; SARS-CoV-1; SARS-CoV-2; SARS-CoV-2 N gene; Screen; SDA; Severe Acute Respiratory Syndrome; Strand Displacement Amplification; TMA; Transcription mediated amplification; Viral Pneumonias; Wuhan coronavirus",4180186
36032258,"SARS 冠状病毒 2 N 基因:存在情况或阈值:时间点:唾液:序数型:探针法.基因扩增.靶向.CDC 引物-探针组 N1",4182948
36032258,"SARS-CoV-2 N gene Sal Ql NAA N1",4180186
742224,"Infectious agent antigen detection by immunoassay technique, (eg, enzyme immunoassay [EIA], enzyme-linked immunosorbent assay [ELISA], immunochemiluminometric assay [IMCA]) qualitative or semiquantitative, multiple-step method; severe acute respiratory syndrome coronavirus (eg, SARS-CoV, SARS-CoV-2 [COVID-19]) (Coronavirus disease [COVID-19])",4180186
3655977,"Rhabdomyolysis due to disease caused by 2019 novel coronavirus",4180186
3655977,"Rhabdomyolysis due to disease caused by 2019-nCoV",4180186
3655977,"Rhabdomyolysis due to disease caused by 2019-nCoV (novel coronavirus)",4180186
3655977,"Rhabdomyolysis due to disease caused by COVID-19",4180186
3655977,"Rhabdomyolysis due to disease caused by SARS-CoV-2",4180186
3655977,"Rhabdomyolysis due to disease caused by SARS-CoV-2 (severe acute respiratory syndrome coronavirus 2)",4180186
3655977,"Rhabdomyolysis due to disease caused by Severe acute respiratory syndrome coronavirus 2 (disorder)",4180186
715260,"2019 Novel Coronavirus; 2019-nCoV; 3 Self-Sustaining Sequence Replication; 3SR SR; Amplif; Amplification; Amplified; Corona virus; COVID19; COVID-19; DNA NUCLEIC ACID PROBE; DNA probe; II; LAT; LCR; Ligase chain reaction; Ligation-activated transcription; Microbiology; NAA+probe; NAAT; NASBA; Nucleic acid sequence based analysis; Oral fluid; Ordinal; PCR; Point in time; Polymerase chain reaction; PR; Probe amp; Probe with ampification; Probe with target amplification; QBR; QL; Qual; Qualitative; Random; Ribonucleic acid; Sal; SARS Coronavirus 1; SARS-CoV; SARS-CoV-1; SARS-CoV-2; Screen; SDA; Severe Acute Respiratory Syndrome; Strand Displacement Amplification; TMA; Transcription mediated amplification; Viral Pneumonias; Wuhan coronavirus",4180186
715260,"SARS 冠状病毒 2 RNA:存在情况或阈值:时间点:唾液:序数型:探针法.基因扩增.靶向",4182948
715260,"SARS-CoV-2 RNA Sal Ql NAA+probe",4180186
36661375,"2019 Novel Coronavirus; 2019-nCoV; 3 Self-Sustaining Sequence Replication; 3SR SR; Amplif; Amplification; Amplified; Avian influenza; Bird flu; Corona virus; COVID19; COVID-19; DNA NUCLEIC ACID PROBE; DNA probe; FLUA; FLUABV + SARS-CoV-2; FLUABV + SARS-CoV-2 identified; FLUAV; FLUB; FLUBV; FLUV; Fowl plague; Identity or presence; II; Influ; Influenza A; Influenza A virus; Influenza B; Influenza B virus; Isolated; LAT; LCR; Ligase chain reaction; Ligation-activated transcription; Microbiology; NAA+probe; NAAT; NASBA; Nominal; Nucleic acid sequence based analysis; PCR; Point in time; Polymerase chain reaction; Probe amp; Probe with ampification; Probe with target amplification; QBR; Random; SARS Coronavirus 1; SARS-CoV; SARS-CoV-1; SARS-CoV-2; SDA; Severe Acute Respiratory Syndrome; Strand Displacement Amplification; TMA; Transcription mediated amplification; Viral Pneumonias; Wuhan coronavirus",4180186
36661375,"FLUABV + SARS-CoV-2 Resp NAA+probe",4180186
3663281,"COVID-19 lower respiratory infection",4180186
3663281,"Lower respiratory infection caused by 2019 novel coronavirus",4180186
3663281,"Lower respiratory infection caused by 2019-nCoV",4180186
3663281,"Lower respiratory infection caused by 2019-nCoV (novel coronavirus)",4180186
3663281,"Lower respiratory infection caused by SARS-CoV-2 (severe acute respiratory syndrome coronavirus 2)",4180186
3663281,"Lower respiratory infection caused by Severe acute respiratory syndrome coronavirus 2",4180186
3663281,"Lower respiratory infection caused by Severe acute respiratory syndrome coronavirus 2 (disorder)",4180186
742219,"Infectious disease (bacterial or viral respiratory tract infection), pathogen-specific nucleic acid (DNA or RNA), 22 targets including severe acute respiratory syndrome coronavirus 2 (SARS-CoV-2), qualitative RT-PCR, nasopharyngeal swab, each pathogen reported as detected or not detected",4180186
37003518,"SARS-CoV-2 (COVID-19) vaccine, mRNA-1273 100 MCG/0.5 ML Injectable Suspension (EUA)",4180186
586528,"2019 Novel Coronavirus; 2019-nCoV; 3 Self-Sustaining Sequence Replication; 3SR SR; Amplif; Amplification; Amplified; Corona virus; COVID19; COVID-19; DNA NUCLEIC ACID PROBE; DNA probe; II; LAT; LCR; Ligase chain reaction; Ligation-activated transcription; Microbiology; NAA+probe; NAAT; NASBA; Nucleic acid sequence based analysis; PCR; Point in time; Polymerase chain reaction; Probe amp; Probe with ampification; Probe with target amplification; QBR; QNT; Quan; Quant; Quantitative; Random; Ribonucleic acid; SARS Coronavirus 1; SARS-CoV; SARS-CoV-1; SARS-CoV-2; SDA; Severe Acute Respiratory Syndrome; Strand Displacement Amplification; TMA; Transcription mediated amplification; Viral Pneumonias; Wuhan coronavirus",4180186
586528,"SARS 冠状病毒 2 RNA:阈值循环圈数:时间点:呼吸道:定量型:探针法.基因扩增.靶向",4182948
586528,"SARS-CoV-2 RNA Ct Resp Qn NAA+probe",4180186
37310286,"Infection of upper respiratory tract caused by 2019 novel coronavirus",4180186
37310286,"Infection of upper respiratory tract caused by 2019-nCoV",4180186
37310286,"Infection of upper respiratory tract caused by SARS-CoV-2",4180186
37310286,"Infection of upper respiratory tract caused by Severe acute respiratory syndrome coronavirus 2 (disorder)",4180186
37310286,"Upper respiratory tract infection caused by 2019-nCoV (novel coronavirus)",4180186
37310286,"Upper respiratory tract infection caused by SARS-CoV-2 (severe acute respiratory syndrome coronavirus 2)",4180186
36661384,"2019 Novel Coronavirus; 2019-nCoV; 3 Self-Sustaining Sequence Replication; 3SR SR; Amplif; Amplification; Amplified; Avian influenza; Bird flu; Corona virus; COVID19; COVID-19; DNA NUCLEIC ACID PROBE; DNA probe; FLUA; FLUABV + SARS-CoV-2; FLUABV+SARS-CoV-2+SARSr-CoV RNA pnl; FLUAV; FLUB; FLUBV; FLUV; Fowl plague; II; Influ; Influenza A; Influenza A virus; Influenza B; Influenza B virus; LAT; LCR; Ligase chain reaction; Ligation-activated transcription; Microbiology; NAA+probe; NAAT; NASBA; Nucleic acid sequence based analysis; Pan; PANEL.MICROBIOLOGY; Panl; PCR; Pnl; Point in time; Polymerase chain reaction; Probe amp; Probe with ampification; Probe with target amplification; QBR; Random; Ribonucleic acid; SARS Coronavirus 1; SARS-CoV; SARS-CoV-1; SARS-CoV-2; SARS-CoV-2+SARSr-CoV; SARS-CoV-2+SARSr-CoV RNA; SARS-CoV-2+SARSr-CoV RNA pnl; SARSr-CoV; SDA; Severe Acute Respiratory Syndrome; Strand Displacement Amplification; TMA; Transcription mediated amplification; Viral Pneumonias; Wu...",4180186
36661384,"FluAB+SARS-CoV-2+SARSr-CoV Resp NAA+prb",4180186
3661631,"Lymphocytopenia due to 2019 novel coronavirus",4180186
3661631,"Lymphocytopenia due to 2019-nCoV (novel coronavirus)",4180186
3661631,"Lymphocytopenia due to COVID-19",4180186
3661631,"Lymphocytopenia due to SARS-CoV-2",4180186
3661631,"Lymphocytopenia due to SARS-CoV-2 (severe acute respiratory syndrome coronavirus 2)",4180186
3661631,"Lymphocytopenia due to Severe acute respiratory syndrome coronavirus 2 (disorder)",4180186
3661631,"Lymphopenia due to COVID-19",4180186
3661631,"Lymphopenia due to Severe acute respiratory syndrome coronavirus 2",4180186
586517,"2019 Novel Coronavirus; 2019-nCoV; Corona virus; COVID19; COVID-19; high-throughput sequencing; HTS; II; Islt; Islt/Spm; Isol; Microbiology; Next generation sequencing; NGS; Nominal; Point in time; Random; SARS Coronavirus 1; SARS-CoV; SARS-CoV-1; SARS-CoV-2; SARS-CoV-2 genome; Severe Acute Respiratory Syndrome; Spec; Viral Pneumonias; Wuhan coronavirus",4180186
586517,"SARS 冠状病毒 2 全基因组:序列:时间点:分离株/标本:名义型:序列测定",4182948
586517,"SARS-CoV-2 genome Islt/Spm-Seq",4180186
705107,"Measurement of SARS-CoV-2 in Sample from nose",4180186
44789510,"Coronavirus nucleic acid detection (procedure)",4180186
756029,"Measurement of SARS-CoV-2 in Respiratory specimen",4180186
586310,"Measurement of SARS-CoV-2 Genetic material using Molecular method",4180186
3656668,"Conjunctivitis due to COVID-19",4180186
3656668,"Conjunctivitis due to disease caused by 2019 novel coronavirus",4180186
3656668,"Conjunctivitis due to disease caused by 2019-nCoV",4180186
3656668,"Conjunctivitis due to disease caused by 2019-nCoV (novel coronavirus)",4180186
3656668,"Conjunctivitis due to disease caused by SARS-CoV-2",4180186
3656668,"Conjunctivitis due to disease caused by SARS-CoV-2 (severe acute respiratory syndrome coronavirus 2)",4180186
3656668,"Conjunctivitis due to disease caused by Severe acute respiratory syndrome coronavirus 2 (disorder)",4180186
705000,"Measurement of SARS-CoV-2 using Nucleic acid amplification technique in Blood",4180186
706160,"2019 Novel Coronavirus; 2019-nCoV; 3 Self-Sustaining Sequence Replication; 3SR SR; Amplif; Amplification; Amplified; Corona virus; COVID19; COVID-19; DNA NUCLEIC ACID PROBE; DNA probe; II; LAT; LCR; Ligase chain reaction; Ligation-activated transcription; Microbiology; NAA+probe; NAAT; NASBA; Nucleic acid sequence based analysis; Ordinal; PCR; Point in time; Polymerase chain reaction; PR; Probe amp; Probe with ampification; Probe with target amplification; QBR; QL; Qual; Qualitative; Random; SARS Coronavirus 1; SARS-CoV; SARS-CoV-1; SARS-CoV-2; SARS-CoV-2 RdRp; Screen; SDA; Severe Acute Respiratory Syndrome; Strand Displacement Amplification; TMA; Transcription mediated amplification; Viral Pneumonias; Wuhan coronavirus",4180186
706160,"SARS 冠状病毒 2 RdRp 基因:存在情况或阈值:时间点:呼吸道:序数型:探针法.基因扩增.靶向",4182948
706160,"SARS-CoV-2 RdRp Resp Ql NAA+probe",4180186
706154,"2019 Novel Coronavirus; 2019-nCoV; 3 Self-Sustaining Sequence Replication; 3SR SR; Amplif; Amplification; Amplified; Centers for Disease Control and Prevention; Corona virus; COVID19; COVID-19; DNA NUCLEIC ACID PROBE; DNA probe; II; LAT; LCR; Ligase chain reaction; Ligation-activated transcription; Microbiology; Misc; Miscellaneous; NAA N2; NAA+probe; NAAT; NASBA; Nucleic acid sequence based analysis; Ordinal; Other; PCR; Point in time; Polymerase chain reaction; PR; Probe amp; Probe with ampification; Probe with target amplification; QBR; QL; Qual; Qualitative; Random; SARS Coronavirus 1; SARS-CoV; SARS-CoV-1; SARS-CoV-2; SARS-CoV-2 N gene; Screen; SDA; Severe Acute Respiratory Syndrome; Spec; Strand Displacement Amplification; TMA; To be specified in another part of the message; Transcription mediated amplification; Unspecified; Viral Pneumonias; Wuhan coronavirus",4180186
706154,"SARS 冠状病毒 2 N 基因:存在情况或阈值:时间点:XXX:序数型:探针法.基因扩增.靶向.CDC 引物-探针组 N2",4182948
706154,"SARS-CoV-2 N gene Spec Ql NAA N2",4180186
37003436,"SARS-CoV-2 (COVID-19) vaccine, mRNA-BNT162b2 30 MCG/0.3 ML Injectable Suspension (EUA)",4180186
586523,"3 Self-Sustaining Sequence Replication; 3SR SR; Amplif; Amplification; Amplified; Corona virus; DNA NUCLEIC ACID PROBE; DNA probe; LAT; LCR; Ligase chain reaction; Ligation-activated transcription; Microbiology; NAA+probe; NAAT; NASBA; Nucleic acid sequence based analysis; Ordinal; PCR; Point in time; Polymerase chain reaction; PR; Probe amp; Probe with ampification; Probe with target amplification; QBR; QL; Qual; Qualitative; Random; SARSr-CoV; SARS-rel CoV E gene; Screen; SDA; Severe Acute Respiratory Syndrome; Strand Displacement Amplification; TMA; Transcription mediated amplification",4180186
586523,"SARS 冠状病毒 2 E 基因:存在情况或阈值:时间点:呼吸道:序数型:探针法.基因扩增.靶向",4182948
586523,"SARS-rel CoV E gene Resp Ql NAA+probe",4180186
36660329,"3 Self-Sustaining Sequence Replication; 3SR SR; Amplif; Amplification; Amplified; Corona virus; DNA NUCLEIC ACID PROBE; DNA probe; HCoV; HCoV NL63; LAT; LCR; Ligase chain reaction; Ligation-activated transcription; Low; Lower Resp; Microbiology; NAA+non-probe; NAA+probe; NAAT; NASBA; Nucleic acid sequence based analysis; Ordinal; PCR; Point in time; Polymerase chain reaction; PR; Probe amp; Probe with ampification; Probe with target amplification; QBR; QL; Qual; Qualitative; Random; Ribonucleic acid; Screen; SDA; Strand Displacement Amplification; TMA; Transcription mediated amplification",4180186
36660329,"HCoV NL63 RNA Low resp Ql NAA+non-probe",4180186
36660329,"人类冠状病毒 NL63 型 RNA:存在情况或阈值:时间点:呼吸道.下:序数型:非探针法.基因扩增.靶向",4182948
700297,"Patient meets laboratory confirmation criterion (detection of specific RNA in a clinical specimen using a molecular amplification detection test) for Disease caused by Severe acute respiratory syndrome coronavirus 2 (SARS-CoV-2)",4180186
715272,"2019 Novel Coronavirus; 2019-nCoV; 3 Self-Sustaining Sequence Replication; 3SR SR; Amplif; Amplification; Amplified; Corona virus; COVID19; COVID-19; DNA NUCLEIC ACID PROBE; DNA probe; II; LAT; LCR; Ligase chain reaction; Ligation-activated transcription; Microbiology; NAA+probe; NAAT; NASBA; Nasopharynx; Nucleic acid sequence based analysis; Ordinal; PCR; Point in time; Polymerase chain reaction; PR; Probe amp; Probe with ampification; Probe with target amplification; QBR; QL; Qual; Qualitative; Random; SARS Coronavirus 1; SARS-CoV; SARS-CoV-1; SARS-CoV-2; SARS-CoV-2 N gene; Screen; SDA; Severe Acute Respiratory Syndrome; Strand Displacement Amplification; TMA; Transcription mediated amplification; Viral Pneumonias; Wuhan coronavirus",4180186
715272,"SARS 冠状病毒 2 N 基因:存在情况或阈值:时间点:鼻咽:序数型:探针法.基因扩增.靶向",4182948
715272,"SARS-CoV-2 N gene Nph Ql NAA+probe",4180186
37311060,"Possible COVID-19",4180186
37311060,"Suspected disease caused by 2019 novel coronavirus",4180186
37311060,"Suspected disease caused by 2019-nCoV",4180186
37311060,"Suspected disease caused by 2019-nCoV (novel coronavirus)",4180186
37311060,"Suspected disease caused by SARS-CoV-2",4180186
37311060,"Suspected disease caused by SARS-CoV-2 (severe acute respiratory syndrome coronavirus 2)",4180186
37311060,"Suspected disease caused by Severe acute respiratory coronavirus 2",4180186
37311060,"Suspected disease caused by Severe acute respiratory coronavirus 2 (situation)",4180186
37310258,"Measurement of 2019 novel coronavirus antibody",4180186
37310258,"Measurement of 2019-nCoV (novel coronavirus) antibody",4180186
37310258,"Measurement of 2019-nCoV antibody",4180186
37310258,"Measurement of COVID-19 antibody",4180186
37310258,"Measurement of SARS-CoV-2 (severe acute respiratory syndrome coronavirus 2) antibody",4180186
37310258,"Measurement of SARS-CoV-2 antibody",4180186
37310258,"Measurement of Severe acute respiratory syndrome coronavirus 2 antibody (observable entity)",4180186
715261,"2019 Novel Coronavirus; 2019-nCoV; Corona virus; COVID19; COVID-19; high-throughput sequencing; HTS; II; Microbiology; Next generation sequencing; NGS; Oral fluid; Ordinal; Point in time; PR; QL; Qual; Qualitative; Random; Ribonucleic acid; Sal; SARS Coronavirus 1; SARS-CoV; SARS-CoV-1; SARS-CoV-2; Screen; Severe Acute Respiratory Syndrome; Viral Pneumonias; Wuhan coronavirus",4180186
715261,"SARS 冠状病毒 2 RNA:存在情况或阈值:时间点:唾液:序数型:序列测定",4182948
715261,"SARS-CoV-2 RNA Sal Ql Seq",4180186
715262,"2019 Novel Coronavirus; 2019-nCoV; 3 Self-Sustaining Sequence Replication; 3SR SR; Amplif; Amplification; Amplified; Corona virus; COVID19; COVID-19; DNA NUCLEIC ACID PROBE; DNA probe; II; LAT; LCR; Ligase chain reaction; Ligation-activated transcription; Log NCNC; Log#; Microbiology; Misc; Miscellaneous; NAA+probe; NAAT; NASBA; Nucleic acid sequence based analysis; Other; PCR; Point in time; Polymerase chain reaction; Probe amp; Probe with ampification; Probe with target amplification; QBR; QNT; Quan; Quant; Quantitative; Random; Ribonucleic acid; SARS Coronavirus 1; SARS-CoV; SARS-CoV-1; SARS-CoV-2; SDA; Severe Acute Respiratory Syndrome; Spec; Strand Displacement Amplification; TMA; To be specified in another part of the message; Transcription mediated amplification; Unspecified; Viral load; Viral Pneumonias; Wuhan coronavirus",4180186
715262,"SARS 冠状病毒 2 RNA:对数型数量或计数浓度:时间点:XXX:定量型:探针法.基因扩增.靶向",4182948
715262,"SARS-CoV-2 RNA Spec NAA+probe-Log#",4180186
706161,"2019 Novel Coronavirus; 2019-nCoV; 3 Self-Sustaining Sequence Replication; 3SR SR; Amplif; Amplification; Amplified; Corona virus; COVID19; COVID-19; DNA NUCLEIC ACID PROBE; DNA probe; II; LAT; LCR; Ligase chain reaction; Ligation-activated transcription; Microbiology; NAA+probe; NAAT; NASBA; Nucleic acid sequence based analysis; Ordinal; PCR; Point in time; Polymerase chain reaction; PR; Probe amp; Probe with ampification; Probe with target amplification; QBR; QL; Qual; Qualitative; Random; SARS Coronavirus 1; SARS-CoV; SARS-CoV-1; SARS-CoV-2; SARS-CoV-2 N gene; Screen; SDA; Severe Acute Respiratory Syndrome; Strand Displacement Amplification; TMA; Transcription mediated amplification; Viral Pneumonias; Wuhan coronavirus",4180186
706161,"SARS 冠状病毒 2 N 基因:存在情况或阈值:时间点:呼吸道:序数型:探针法.基因扩增.靶向",4182948
706161,"SARS-CoV-2 N gene Resp Ql NAA+probe",4180186
36661378,"2019 Novel Coronavirus; 2019-nCoV; 3 Self-Sustaining Sequence Replication; 3SR SR; Amplif; Amplification; Amplified; Corona virus; COVID19; COVID-19; DNA NUCLEIC ACID PROBE; DNA probe; II; LAT; LCR; Ligase chain reaction; Ligation-activated transcription; Microbiology; NAA+probe; NAAT; NASBA; Nucleic acid sequence based analysis; Oral fluid; Ordinal; PCR; Point in time; Polymerase chain reaction; PR; Probe amp; Probe with ampification; Probe with target amplification; QBR; QL; Qual; Qualitative; Random; Sal; SARS Coronavirus 1; SARS-CoV; SARS-CoV-1; SARS-CoV-2; SARS-CoV-2 N gene; Screen; SDA; Severe Acute Respiratory Syndrome; Strand Displacement Amplification; TMA; Transcription mediated amplification; Viral Pneumonias; Wuhan coronavirus",4180186
36661378,"SARS 冠状病毒 2 N 基因:存在情况或阈值:时间点:唾液:序数型:探针法.基因扩增.靶向",4182948
36661378,"SARS-CoV-2 N gene Sal Ql NAA+probe",4180186
36031814,"3 Self-Sustaining Sequence Replication; 3SR SR; Amplif; Amplification; Amplified; Corona virus; DNA NUCLEIC ACID PROBE; DNA probe; LAT; LCR; Ligase chain reaction; Ligation-activated transcription; Microbiology; NAA+probe; NAAT; NASBA; Nucleic acid sequence based analysis; Oral fluid; Ordinal; PCR; Point in time; Polymerase chain reaction; PR; Probe amp; Probe with ampification; Probe with target amplification; QBR; QL; Qual; Qualitative; Random; Sal; SARSr-CoV; SARS-rel CoV E gene; Screen; SDA; Severe Acute Respiratory Syndrome; Strand Displacement Amplification; TMA; Transcription mediated amplification",4180186
36031814,"SARS 冠状病毒 2 E 基因:存在情况或阈值:时间点:唾液:序数型:探针法.基因扩增.靶向",4182948
36031814,"SARS-rel CoV E gene Sal Ql NAA+probe",4180186
706172,"3 Self-Sustaining Sequence Replication; 3SR SR; Amplif; Amplification; Amplified; Corona virus; DNA NUCLEIC ACID PROBE; DNA probe; LAT; LCR; Ligase chain reaction; Ligation-activated transcription; Microbiology; Misc; Miscellaneous; NAA+probe; NAAT; NASBA; Nucleic acid sequence based analysis; Other; PCR; Point in time; Polymerase chain reaction; Probe amp; Probe with ampification; Probe with target amplification; QBR; QNT; Quan; Quant; Quantitative; Random; SARS-like CoV; SARS-like CoV N; SDA; Severe Acute Respiratory Syndrome; Spec; Strand Displacement Amplification; TMA; To be specified in another part of the message; Transcription mediated amplification; Unspecified",4180186
706172,"SARS-like CoV N Ct Spec Qn NAA+probe",4180186
706172,"SARS-样冠状病毒 N 基因:阈值循环圈数:时间点:XXX:定量型:探针法.基因扩增.靶向",4182948
723466,"2019 Novel Coronavirus; 2019-nCoV; 3 Self-Sustaining Sequence Replication; 3SR SR; Amplif; Amplification; Amplified; Corona virus; COVID19; COVID-19; DNA NUCLEIC ACID PROBE; DNA probe; II; LAT; LCR; Ligase chain reaction; Ligation-activated transcription; Microbiology; Misc; Miscellaneous; NAA+probe; NAAT; NASBA; Nucleic acid sequence based analysis; Ordinal; Other; PCR; Point in time; Polymerase chain reaction; PR; Probe amp; Probe with ampification; Probe with target amplification; QBR; QL; Qual; Qualitative; Random; S prime; SARS Coronavirus 1; SARS-CoV; SARS-CoV-1; SARS-CoV-2; SARS-CoV-2 S gene; SARS-Related Coronavirus; Screen; SDA; Severe Acute Respiratory Syndrome; Spec; Strand Displacement Amplification; TMA; To be specified in another part of the message; Transcription mediated amplification; Unspecified; Viral Pneumonias; Wuhan coronavirus",4180186
723466,"SARS 冠状病毒 2 S 基因:存在情况或阈值:时间点:XXX:序数型:探针法.基因扩增.靶向",4182948
723466,"SARS-CoV-2 S gene Spec Ql NAA+probe",4180186
36661371,"2019 Novel Coronavirus; 2019-nCoV; 3 Self-Sustaining Sequence Replication; 3SR SR; Amplif; Amplification; Amplified; Corona virus; COVID19; COVID-19; DNA NUCLEIC ACID PROBE; DNA probe; II; LAT; LCR; Ligase chain reaction; Ligation-activated transcription; Log NCNC; Log#; Microbiology; NAA+probe; NAAT; NASBA; Nucleic acid sequence based analysis; PCR; Point in time; Polymerase chain reaction; Probe amp; Probe with ampification; Probe with target amplification; QBR; QNT; Quan; Quant; Quantitative; Random; SARS Coronavirus 1; SARS-CoV; SARS-CoV-1; SARS-CoV-2; SARS-CoV-2 N gene; SDA; Severe Acute Respiratory Syndrome; Strand Displacement Amplification; TMA; Transcription mediated amplification; Viral load; Viral Pneumonias; Wuhan coronavirus",4180186
36661371,"SARS 冠状病毒 2 N 基因:对数型数量或计数浓度:时间点:呼吸道:定量型:探针法.基因扩增.靶向",4182948
36661371,"SARS-CoV-2 N gene Resp NAA+probe-Log#",4180186
706174,"3 Self-Sustaining Sequence Replication; 3SR SR; Amplif; Amplification; Amplified; Corona virus; DNA NUCLEIC ACID PROBE; DNA probe; LAT; LCR; Ligase chain reaction; Ligation-activated transcription; Microbiology; Misc; Miscellaneous; NAA+probe; NAAT; NASBA; Nucleic acid sequence based analysis; Ordinal; Other; PCR; Point in time; Polymerase chain reaction; PR; Probe amp; Probe with ampification; Probe with target amplification; QBR; QL; Qual; Qualitative; Random; SARSr-CoV; SARS-rel CoV E gene; Screen; SDA; Severe Acute Respiratory Syndrome; Spec; Strand Displacement Amplification; TMA; To be specified in another part of the message; Transcription mediated amplification; Unspecified",4180186
706174,"SARS 冠状病毒 2 E 基因:存在情况或阈值:时间点:XXX:序数型:探针法.基因扩增.靶向",4182948
706174,"SARS-rel CoV E gene Spec Ql NAA+probe",4180186
723469,"2019 Novel Coronavirus; 2019-nCoV; 3 Self-Sustaining Sequence Replication; 3SR SR; Amplif; Amplification; Amplified; Corona virus; COVID19; COVID-19; DNA NUCLEIC ACID PROBE; DNA probe; II; LAT; LCR; Ligase chain reaction; Ligation-activated transcription; Microbiology; NAA+probe; NAAT; NASBA; Nucleic acid sequence based analysis; PCR; Point in time; Polymerase chain reaction; Probe amp; Probe with ampification; Probe with target amplification; QBR; QNT; Quan; Quant; Quantitative; Random; SARS Coronavirus 1; SARS-CoV; SARS-CoV-1; SARS-CoV-2; SARS-CoV-2 ORF1ab; SDA; Severe Acute Respiratory Syndrome; Strand Displacement Amplification; TMA; Transcription mediated amplification; Viral Pneumonias; Wuhan coronavirus",4180186
723469,"SARS 冠状病毒 2 ORF1ab 区域:阈值循环圈数:时间点:呼吸道:定量型:探针法.基因扩增.靶向",4182948
723469,"SARS-CoV-2 ORF1ab Ct Resp Qn NAA+probe",4180186
723463,"2019 Novel Coronavirus; 2019-nCoV; 3 Self-Sustaining Sequence Replication; 3SR SR; Amplif; Amplification; Amplified; Corona virus; COVID19; COVID-19; DNA NUCLEIC ACID PROBE; DNA probe; II; LAT; LCR; Ligase chain reaction; Ligation-activated transcription; Microbiology; NAA+probe; NAAT; NASBA; Nucleic acid sequence based analysis; Ordinal; PCR; Pl; Plasma; Plsm; Point in time; Polymerase chain reaction; PR; Probe amp; Probe with ampification; Probe with target amplification; QBR; QL; Qual; Qualitative; Random; Ribonucleic acid; SARS Coronavirus 1; SARS-CoV; SARS-CoV-1; SARS-CoV-2; Screen; SDA; SerP; SerPl; SerPlas; Serum; Serum or plasma; Severe Acute Respiratory Syndrome; SR; Strand Displacement Amplification; TMA; Transcription mediated amplification; Viral Pneumonias; Wuhan coronavirus",4180186
723463,"SARS 冠状病毒 2 RNA:存在情况或阈值:时间点:血清/血浆:序数型:探针法.基因扩增.靶向",4182948
723463,"SARS-CoV-2 RNA SerPl Ql NAA+probe",4180186
45537785,"SARS-associated coronavirus causing diseases classd elswhr",4180186
706155,"2019 Novel Coronavirus; 2019-nCoV; 3 Self-Sustaining Sequence Replication; 3SR SR; Amplif; Amplification; Amplified; Centers for Disease Control and Prevention; Corona virus; COVID19; COVID-19; DNA NUCLEIC ACID PROBE; DNA probe; II; LAT; LCR; Ligase chain reaction; Ligation-activated transcription; Microbiology; Misc; Miscellaneous; NAA N2; NAA+probe; NAAT; NASBA; Nucleic acid sequence based analysis; Other; PCR; Point in time; Polymerase chain reaction; Probe amp; Probe with ampification; Probe with target amplification; QBR; QNT; Quan; Quant; Quantitative; Random; SARS Coronavirus 1; SARS-CoV; SARS-CoV-1; SARS-CoV-2; SARS-CoV-2 N gene; SDA; Severe Acute Respiratory Syndrome; Spec; Strand Displacement Amplification; TMA; To be specified in another part of the message; Transcription mediated amplification; Unspecified; Viral Pneumonias; Wuhan coronavirus",4180186
706155,"SARS 冠状病毒 2 N 基因:阈值循环圈数:时间点:XXX:定量型:探针法.基因扩增.靶向.CDC 引物-探针组 N2",4182948
706155,"SARS-CoV-2 N gene Ct Spec Qn NAA N2",4180186
3661405,"Acute bronchitis caused by 2019 novel coronavirus",4180186
3661405,"Acute bronchitis caused by 2019-nCoV",4180186
3661405,"Acute bronchitis caused by 2019-nCoV (novel coronavirus)",4180186
3661405,"Acute bronchitis caused by SARS-CoV-2 (severe acute respiratory syndrome coronavirus 2)",4180186
3661405,"Acute bronchitis caused by Severe acute respiratory syndrome coronavirus 2",4180186
3661405,"Acute bronchitis caused by Severe acute respiratory syndrome coronavirus 2 (disorder)",4180186
3661405,"COVID-19 acute bronchitis",4180186
3662381,"Asymptomatic 2019 novel coronavirus",4180186
3662381,"Asymptomatic 2019-nCoV",4180186
3662381,"Asymptomatic 2019-nCoV (novel coronavirus) infection",4180186
3662381,"Asymptomatic COVID-19",4180186
3662381,"Asymptomatic SARS-CoV-2 (severe acute respiratory syndrome coronavirus 2) infection",4180186
3662381,"Asymptomatic Severe acute respiratory syndrome coronavirus 2 infection",4180186
3662381,"Asymptomatic Severe acute respiratory syndrome coronavirus 2 infection (finding)",4180186
723464,"2019 Novel Coronavirus; 2019-nCoV; 3 Self-Sustaining Sequence Replication; 3SR SR; Amplif; Amplification; Amplified; Corona virus; COVID19; COVID-19; DNA NUCLEIC ACID PROBE; DNA probe; II; LAT; LCR; Ligase chain reaction; Ligation-activated transcription; Microbiology; Misc; Miscellaneous; NAA+probe; NAAT; NASBA; Nucleic acid sequence based analysis; Ordinal; Other; PCR; Point in time; Polymerase chain reaction; PR; Probe amp; Probe with ampification; Probe with target amplification; QBR; QL; Qual; Qualitative; Random; SARS Coronavirus 1; SARS-CoV; SARS-CoV-1; SARS-CoV-2; SARS-CoV-2 ORF1ab; Screen; SDA; Severe Acute Respiratory Syndrome; Spec; Strand Displacement Amplification; TMA; To be specified in another part of the message; Transcription mediated amplification; Unspecified; Viral Pneumonias; Wuhan coronavirus",4180186
723464,"SARS 冠状病毒 2 ORF1ab 区域:存在情况或阈值:时间点:XXX:序数型:探针法.基因扩增.靶向",4182948
723464,"SARS-CoV-2 ORF1ab Spec Ql NAA+probe",4180186
36661370,"#; 2019 Novel Coronavirus; 2019-nCoV; 3 Self-Sustaining Sequence Replication; 3SR SR; ABS; absolute; absolutes; Amplif; Amplification; Amplified; Cnt; Corona virus; Count; Count/volume; COVID19; COVID-19; CT; DNA NUCLEIC ACID PROBE; DNA probe; II; LAT; LCR; Ligase chain reaction; Ligation-activated transcription; Microbiology; NAA+probe; NAAT; NASBA; Nucleic acid sequence based analysis; Number concentration; Number Concentration (count/vol); PCR; Point in time; Polymerase chain reaction; Probe amp; Probe with ampification; Probe with target amplification; QBR; QNT; Quan; Quant; Quantitative; Random; SARS Coronavirus 1; SARS-CoV; SARS-CoV-1; SARS-CoV-2; SARS-CoV-2 N gene; SDA; Severe Acute Respiratory Syndrome; Strand Displacement Amplification; TMA; Transcription mediated amplification; Viral load; Viral Pneumonias; Wuhan coronavirus",4180186
36661370,"SARS 冠状病毒 2 N 基因:计数型浓度:时间点:呼吸道:定量型:探针法.基因扩增.靶向",4182948
36661370,"SARS-CoV-2 N gene # Resp NAA+probe",4180186
36031652,"2019 Novel Coronavirus; 2019-nCoV; 3 Self-Sustaining Sequence Replication; 3SR SR; Amplif; Amplification; Amplified; Corona virus; COVID19; COVID-19; DNA NUCLEIC ACID PROBE; DNA probe; II; LAT; LCR; Ligase chain reaction; Ligation-activated transcription; Low; Lower resp; Microbiology; NAA+probe; NAAT; NASBA; Nucleic acid sequence based analysis; Ordinal; PCR; Point in time; Polymerase chain reaction; PR; Probe amp; Probe with ampification; Probe with target amplification; QBR; QL; Qual; Qualitative; Random; SARS Coronavirus 1; SARS-CoV; SARS-CoV-1; SARS-CoV-2; SARS-CoV-2 RdRp; Screen; SDA; Severe Acute Respiratory Syndrome; Strand Displacement Amplification; TMA; Transcription mediated amplification; Viral Pneumonias; Wuhan coronavirus",4180186
36031652,"SARS 冠状病毒 2 RdRp 基因:存在情况或阈值:时间点:呼吸道.下:序数型:探针法.基因扩增.靶向",4182948
36031652,"SARS-CoV-2 RdRp Lower resp Ql NAA+probe",4180186
37021152,"3 Self-Sustaining Sequence Replication; 3SR SR; Amplif; Amplification; Amplified; DNA NUCLEIC ACID PROBE; DNA probe; HRSV; LAT; LCR; Ligase chain reaction; Ligation-activated transcription; Microbiology; NAA+probe; NAAT; NASBA; Nucleic acid sequence based analysis; Ordinal; PCR; Point in time; Polymerase chain reaction; PR; Probe amp; Probe with ampification; Probe with target amplification; QBR; QL; Qual; Qualitative; Random; Ribonucleic acid; RSV; Screen; SDA; Strand Displacement Amplification; TMA; Transcription mediated amplification",4180186
37021152,"RSV RNA Resp Ql NAA+probe",4180186
37021152,"呼吸道合胞病毒 RNA:存在情况或阈值:时间点:呼吸道:序数型:探针法.基因扩增.靶向",4182948
320651,"SARS",4180186
320651,"SARS-CoV infection",4180186
320651,"Severe acute respiratory syndrome (disorder)",4180186
40479642,"Pneumonia caused by Severe acute respiratory syndrome coronavirus",4180186
40479642,"Pneumonia caused by Severe acute respiratory syndrome coronavirus (disorder)",4180186
36031506,"2019 Novel Coronavirus; 2019-nCoV; 3 Self-Sustaining Sequence Replication; 3SR SR; Amplif; Amplification; Amplified; Corona virus; COVID19; COVID-19; DNA NUCLEIC ACID PROBE; DNA probe; II; LAT; LCR; Ligase chain reaction; Ligation-activated transcription; Microbiology; NAA+probe; NAAT; NASBA; Nucleic acid sequence based analysis; Oral fluid; Ordinal; PCR; Point in time; Polymerase chain reaction; PR; Probe amp; Probe with ampification; Probe with target amplification; QBR; QL; Qual; Qualitative; Random; Sal; SARS Coronavirus 1; SARS-CoV; SARS-CoV-1; SARS-CoV-2; SARS-CoV-2 ORF1ab; Screen; SDA; Severe Acute Respiratory Syndrome; Strand Displacement Amplification; TMA; Transcription mediated amplification; Viral Pneumonias; Wuhan coronavirus",4180186
36031506,"SARS 冠状病毒 2 ORF1ab 区域:存在情况或阈值:时间点:唾液:序数型:探针法.基因扩增.靶向",4182948
36031506,"SARS-CoV-2 ORF1ab Sal Ql NAA+probe",4180186
756055,"Measurement of SARS-CoV-2",4180186
