﻿"concept_id","concept_name","domain_id","vocabulary_id","concept_class_id","standard_concept","concept_code","valid_start_date","valid_end_date","invalid_reason"
37310283,"Gastroenteritis caused by SARS-CoV-2 (severe acute respiratory syndrome coronavirus 2)","Condition","SNOMED","Clinical Finding","S","1240571000000101","2020-02-04","2099-12-31",
36031453,"SARS-CoV-2 (COVID-19) RdRp gene [Presence] in Upper respiratory specimen by NAA with probe detection","Measurement","LOINC","Lab Test","S","96123-5","2020-12-15","2099-12-31",
723477,"SARS-CoV-2 (COVID-19) Ag [Presence] in Respiratory specimen by Rapid immunoassay","Measurement","LOINC","Lab Test","S","94558-4","2020-03-24","2099-12-31",
756065,"Measurement of Severe acute respiratory syndrome coronavirus 2 (SARS-CoV-2) in Unspecified specimen","Measurement","OMOP Extension","Lab Test","S","OMOP4873966","2020-03-18","2099-12-31",
36033659,"SARS-CoV-2 (COVID-19) E gene [Cycle Threshold #] in Respiratory specimen by NAA with probe detection","Measurement","LOINC","Lab Test","S","96764-6","2021-02-02","2099-12-31",
706169,"SARS-CoV-2 (COVID-19) RNA panel - Specimen by NAA with probe detection","Measurement","LOINC","Lab Test","S","94306-8","2020-01-31","2099-12-31",
756085,"Measurement of Severe acute respiratory syndrome coronavirus 2 (SARS-CoV-2) using Nucleic acid amplification technique in Respiratory specimen","Measurement","OMOP Extension","Lab Test","S","OMOP4873965","2020-03-18","2099-12-31",
36032061,"SARS-CoV-2 (COVID-19) RNA panel - Saliva (oral fluid) by NAA with probe detection","Measurement","LOINC","Lab Test","S","95826-4","2020-12-15","2099-12-31",
36660491,"Human coronavirus 229E RNA [Presence] in Lower respiratory specimen by NAA with non-probe detection","Measurement","LOINC","Lab Test","S","94479-3","2020-06-17","2099-12-31",
706163,"SARS-CoV-2 (COVID-19) RNA [Presence] in Respiratory specimen by NAA with probe detection","Measurement","LOINC","Lab Test","S","94500-6","2020-03-09","2099-12-31",
706166,"SARS-related coronavirus E gene [Cycle Threshold #] in Specimen by NAA with probe detection","Measurement","LOINC","Lab Test","S","94509-7","2020-03-09","2099-12-31",
36033646,"SARS-CoV-2 (COVID-19) N gene [Presence] in Saliva (oral fluid) by Nucleic acid amplification using CDC primer-probe set N2","Measurement","LOINC","Lab Test","S","96958-4","2021-03-22","2099-12-31",
704992,"Measurement of Severe acute respiratory syndrome coronavirus 2 (SARS-CoV-2) using Culture method","Measurement","OMOP Extension","Lab Test","S","OMOP4912974","2020-05-13","2099-12-31",
3661406,"Acute respiratory distress syndrome due to disease caused by Severe acute respiratory syndrome coronavirus 2","Condition","SNOMED","Clinical Finding","S","674814021000119106","2020-07-31","2099-12-31",
36033661,"SARS-CoV-2 (COVID-19) variant interpretation in Specimen Narrative","Measurement","LOINC","Lab Test","S","96755-4","2021-01-29","2099-12-31",
756077,"Close contact with confirmed COVID-19 case patient","Observation","OMOP Extension","Event","S","OMOP4873960","2020-03-18","2099-12-31",
439676,"Coronavirus infection","Condition","SNOMED","Clinical Finding","S","186747009","2002-01-31","2099-12-31",
704995,"Patient meets COVID-19 clinical diagnostic criteria","Observation","OMOP Extension","Clinical Finding","S","OMOP4912977","2020-05-13","2099-12-31",
724905,"SARS-COV-2 (COVID-19) vaccine, vector non-replicating, recombinant spike protein-ChAdOx1, preservative free, 0.5 mL","Drug","CVX","CVX","S","210","2020-12-22","2099-12-31",
586524,"SARS-CoV-2 (COVID-19) N gene [Presence] in Respiratory specimen by Nucleic acid amplification using CDC primer-probe set N1","Measurement","LOINC","Lab Test","S","94756-4","2020-04-30","2099-12-31",
36033650,"SARS-CoV-2 (COVID-19) S gene [Cycle Threshold #] in Oropharyngeal wash by NAA with probe detection","Measurement","LOINC","Lab Test","S","96900-6","2021-03-11","2099-12-31",
702953,"Emergency use of U07.1 | COVID-19","Condition","ICD10CM","4-char billing code",,"U07.1","2020-04-01","2099-12-31",
36033665,"SARS-CoV-2 (COVID-19) S gene mutation [Presence] in Specimen by Molecular genetics method","Measurement","LOINC","Lab Test","S","96752-1","2021-01-14","2099-12-31",
586308,"Measurement of Severe acute respiratory syndrome coronavirus 2 (SARS-CoV-2) using Nucleic acid amplification technique in Saliva","Measurement","OMOP Extension","Lab Test","S","OMOP4912983","2020-05-18","2099-12-31",
40218805,"Cdc 2019 novel coronavirus (2019-ncov) real-time rt-pcr diagnostic panel","Measurement","HCPCS","HCPCS","S","U0001","2020-02-13","2099-12-31",
756039,"Respiratory infection caused by COVID-19","Condition","OMOP Extension","Clinical Finding","S","OMOP4873907","2020-03-18","2099-12-31",
45763724,"Suspected coronavirus infection","Observation","SNOMED","Context-dependent","S","700217006","2014-07-31","2099-12-31",
705105,"Measurement of Coronavirus (Coronavirinae subfamily species) antigen","Measurement","OMOP Extension","Lab Test","S","OMOP4912991","2020-06-10","2099-12-31",
44807536,"Coronavirus RNA (ribonucleic acid) measurement by NAAT (nucleic acid amplification test)","Measurement","SNOMED","Procedure","S","817111000000102","2012-04-01","2099-12-31",
586307,"Measurement of Severe acute respiratory syndrome coronavirus 2 (SARS-CoV-2) in Saliva","Measurement","OMOP Extension","Lab Test","S","OMOP4912984","2020-05-18","2099-12-31",
3667069,"Detection of ribonucleic acid of Severe acute respiratory syndrome coronavirus 2 using polymerase chain reaction","Observation","SNOMED","Observable Entity","S","871560001","2020-07-31","2099-12-31",
3661748,"Acute kidney injury due to disease caused by Severe acute respiratory syndrome coronavirus 2","Condition","SNOMED","Clinical Finding","S","870589006","2020-07-31","2099-12-31",
46236920,"SARS2 gene mutation analysis limited to known familial mutations in Blood or Tissue by Molecular genetics method","Measurement","LOINC","Lab Test","S","77107-1","2015-03-27","2099-12-31",
3661408,"Pneumonia caused by SARS-CoV-2","Condition","SNOMED","Clinical Finding","S","882784691000119100","2020-07-31","2099-12-31",
37016927,"Pneumonia caused by Human coronavirus","Condition","SNOMED","Clinical Finding","S","713084008","2016-01-31","2099-12-31",
586526,"SARS-CoV-2 (COVID-19) RNA [Presence] in Nasopharynx by NAA with probe detection","Measurement","LOINC","Lab Test","S","94759-8","2020-04-30","2099-12-31",
706158,"SARS-CoV-2 (COVID-19) RNA panel - Respiratory specimen by NAA with probe detection","Measurement","LOINC","Lab Test","S","94531-1","2020-03-10","2099-12-31",
757678,"SARS-CoV-2 (COVID-19) N gene [Presence] in Nose by NAA with probe detection","Measurement","LOINC","Lab Test","S","95409-9","2020-06-04","2099-12-31",
36033663,"SARS-CoV-2 (COVID-19) S gene codon N501Y [Presence] in Specimen by Molecular genetics method","Measurement","LOINC","Lab Test","S","96757-0","2021-01-29","2099-12-31",
36033645,"SARS-CoV-2 (COVID-19) M gene [Presence] in Upper respiratory specimen by NAA with probe detection","Measurement","LOINC","Lab Test","S","96957-6","2021-03-22","2099-12-31",
37310254,"Otitis media due to disease caused by Severe acute respiratory syndrome coronavirus 2","Condition","SNOMED","Clinical Finding","S","1240521000000100","2020-02-04","2099-12-31",
739906,"SARS-COV-2 (COVID-19) vaccine, vector - Ad26 100000000000 UNT/ML Injectable Suspension","Drug","RxNorm","Clinical Drug","S","2479835","2021-04-05","2099-12-31",
702834,"Measurement of Severe acute respiratory syndrome coronavirus 2 (SARS-CoV-2) specific cell-mediated immune response in Blood","Measurement","OMOP Extension","Lab Test","S","OMOP5032061","2020-11-10","2099-12-31",
586520,"SARS-CoV-2 (COVID-19) N gene [Presence] in Serum or Plasma by NAA with probe detection","Measurement","LOINC","Lab Test","S","94766-3","2020-05-01","2099-12-31",
36660364,"Human coronavirus OC43 RNA [Presence] in Lower respiratory specimen by NAA with non-probe detection","Measurement","LOINC","Lab Test","S","94482-7","2020-06-17","2099-12-31",
35205800,"Coronavirus infection, unspecified","Condition","ICD10CM","4-char billing code",,"B34.2","2007-01-01","2099-12-31",
46236919,"SARS2 gene full mutation analysis in Blood or Tissue by Sequencing","Measurement","LOINC","Lab Test","S","77106-3","2015-03-27","2099-12-31",
36033667,"SARS-CoV-2 (COVID-19) variant [Type] in Specimen by Sequencing","Measurement","LOINC","Lab Test","S","96741-4","2021-01-06","2099-12-31",
37396171,"Severe acute respiratory syndrome of upper respiratory tract","Condition","SNOMED","Clinical Finding","S","715882005","2016-07-31","2099-12-31",
36661377,"SARS-CoV-2 (COVID-19) RNA [Presence] in Respiratory specimen by Sequencing","Measurement","LOINC","Lab Test","S","95424-8","2020-06-26","2099-12-31",
705106,"Measurement of Severe acute respiratory syndrome coronavirus 2 (SARS-CoV-2) using Nucleic acid amplification technique in Sample from nose","Measurement","OMOP Extension","Lab Test","S","OMOP4912992","2020-06-10","2099-12-31",
1567458,"Coronavirus as the cause of diseases classified elsewhere","Condition","ICD10CM","4-char nonbill code",,"B97.2","2012-01-01","2099-12-31",
3656667,"Cardiomyopathy due to disease caused by Severe acute respiratory syndrome coronavirus 2","Condition","SNOMED","Clinical Finding","S","119731000146105","2020-07-31","2099-12-31",
706173,"SARS-CoV-2 (COVID-19) RdRp gene [Presence] in Specimen by NAA with probe detection","Measurement","LOINC","Lab Test","S","94314-2","2020-01-31","2099-12-31",
586518,"SARS-related coronavirus E gene [Presence] in Serum or Plasma by NAA with probe detection","Measurement","LOINC","Lab Test","S","94765-5","2020-05-01","2099-12-31",
723476,"SARS-CoV-2 (COVID-19) RNA [Presence] in Nasopharynx by NAA with non-probe detection","Measurement","LOINC","Lab Test","S","94565-9","2020-03-27","2099-12-31",
706167,"SARS-CoV-2 (COVID-19) N gene [Cycle Threshold #] in Specimen by NAA with probe detection","Measurement","LOINC","Lab Test","S","94510-5","2020-03-09","2099-12-31",
706168,"SARS-CoV-2 (COVID-19) ORF1ab region [Cycle Threshold #] in Specimen by NAA with probe detection","Measurement","LOINC","Lab Test","S","94511-3","2020-03-09","2099-12-31",
37020635,"Influenza virus A RNA [Presence] in Respiratory specimen by NAA with probe detection","Measurement","LOINC","Lab Test","S","92142-9","2019-06-21","2099-12-31",
700296,"Patient meets COVID-19 presumptive laboratory evidence criteria (detection of specific antigen in a clinical specimen, OR detection of specific antibody in serum, plasma, or whole blood indicative of a new or recent infection)","Observation","OMOP Extension","Clinical Finding","S","OMOP4912987","2020-05-24","2099-12-31",
706171,"SARS-like coronavirus N gene [Presence] in Specimen by NAA with probe detection","Measurement","LOINC","Lab Test","S","94310-0","2020-01-31","2099-12-31",
37311061,"COVID-19","Condition","SNOMED","Clinical Finding","S","840539006","2020-01-31","2099-12-31",
700360,"Infectious agent detection by nucleic acid (DNA or RNA); severe acute respiratory syndrome coronavirus 2 (SARS-CoV-2) (Coronavirus disease [COVID-19]), amplified probe technique","Measurement","CPT4","CPT4","S","87635","2020-03-13","2099-12-31",
36032174,"SARS-CoV-2 (COVID-19) RdRp gene [Presence] in Saliva (oral fluid) by NAA with probe detection","Measurement","LOINC","Lab Test","S","96091-4","2020-12-15","2099-12-31",
3655976,"Acute hypoxemic respiratory failure due to disease caused by Severe acute respiratory syndrome coronavirus 2","Condition","SNOMED","Clinical Finding","S","870590002","2020-07-31","2099-12-31",
3656669,"Dyspnea caused by Severe acute respiratory syndrome coronavirus 2","Condition","SNOMED","Clinical Finding","S","119981000146107","2020-07-31","2099-12-31",
706175,"SARS-CoV-2 (COVID-19) N gene [Presence] in Specimen by NAA with probe detection","Measurement","LOINC","Lab Test","S","94316-7","2020-01-31","2099-12-31",
756084,"Measurement of Severe acute respiratory syndrome coronavirus 2 (SARS-CoV-2) using Nucleic acid amplification technique in Unspecified specimen","Measurement","OMOP Extension","Lab Test","S","OMOP4873968","2020-03-18","2099-12-31",
723478,"SARS-CoV-2 (COVID-19) ORF1ab region [Presence] in Respiratory specimen by NAA with probe detection","Measurement","LOINC","Lab Test","S","94559-2","2020-03-24","2099-12-31",
705001,"Measurement of Severe acute respiratory syndrome coronavirus 2 (SARS-CoV-2) using Nucleic acid amplification technique","Measurement","OMOP Extension","Lab Test","S","OMOP4912982","2020-05-13","2099-12-31",
704976,"Measurement of Severe acute respiratory syndrome coronavirus 2 (SARS-CoV-2) in Sample from oropharynx","Measurement","OMOP Extension","Lab Test","S","OMOP5040512","2021-01-27","2099-12-31",
723472,"SARS-related coronavirus RNA [Presence] in Specimen by NAA with probe detection","Measurement","LOINC","Lab Test","S","94647-5","2020-04-02","2099-12-31",
757677,"SARS-CoV-2 (COVID-19) RNA [Presence] in Nose by NAA with probe detection","Measurement","LOINC","Lab Test","S","95406-5","2020-06-04","2099-12-31",
36031861,"Influenza virus A and B and SARS-CoV-2 (COVID-19) and Respiratory syncytial virus RNA panel - Respiratory specimen by NAA with probe detection","Measurement","LOINC","Lab Test","S","95941-1","2020-12-15","2099-12-31",
37021252,"Influenza virus B RNA [Presence] in Respiratory specimen by NAA with probe detection","Measurement","LOINC","Lab Test","S","92141-1","2019-06-21","2099-12-31",
706156,"SARS-CoV-2 (COVID-19) N gene [Presence] in Specimen by Nucleic acid amplification using CDC primer-probe set N1","Measurement","LOINC","Lab Test","S","94307-6","2020-01-31","2099-12-31",
3661885,"Fever caused by Severe acute respiratory syndrome coronavirus 2","Condition","SNOMED","Clinical Finding","S","119751000146104","2020-07-31","2099-12-31",
36661376,"Influenza virus A and B and SARS-CoV-2 (COVID-19) RNA panel - Respiratory specimen by NAA with probe detection","Measurement","LOINC","Lab Test","S","95422-2","2020-06-26","2099-12-31",
36032286,"SARS-related coronavirus E gene [Presence] in Upper respiratory specimen by NAA with probe detection","Measurement","LOINC","Lab Test","S","96122-7","2020-12-15","2099-12-31",
45567260,"Pneumonia due to SARS-associated coronavirus","Condition","ICD10CM","5-char billing code",,"J12.81","2006-12-30","2099-12-31",
36033655,"SARS-CoV-2 (COVID-19) RNA [Presence] in Specimen from Donor by NAA with probe detection","Measurement","LOINC","Lab Test","S","96829-7","2021-02-24","2099-12-31",
756031,"Bronchitis caused by COVID-19","Condition","OMOP Extension","Clinical Finding","S","OMOP4873909","2020-03-18","2099-12-31",
704975,"Measurement of Severe acute respiratory syndrome coronavirus 2 (SARS-CoV-2) using Nucleic acid amplification technique in Sample from oropharynx","Measurement","OMOP Extension","Lab Test","S","OMOP5040511","2021-01-27","2099-12-31",
704993,"Measurement of Severe acute respiratory syndrome coronavirus 2 (SARS-CoV-2) using Sequencing","Measurement","OMOP Extension","Lab Test","S","OMOP4912975","2020-05-13","2099-12-31",
36031944,"SARS-CoV-2 (COVID-19) specific TCRB gene rearrangements [Presence] in Blood by Sequencing","Measurement","LOINC","Lab Test","S","95970-0","2020-12-15","2099-12-31",
586519,"SARS-CoV-2 (COVID-19) S gene [Presence] in Serum or Plasma by NAA with probe detection","Measurement","LOINC","Lab Test","S","94767-1","2020-05-01","2099-12-31",
706164,"Middle East respiratory syndrome coronavirus (MERS-CoV) RNA [Presence] in Respiratory specimen by NAA with probe detection","Measurement","LOINC","Lab Test","S","94501-4","2020-03-09","2099-12-31",
45770687,"Coronavirus RNA (ribonucleic acid) detection assay","Measurement","SNOMED","Procedure","S","933791000000101","2014-10-01","2099-12-31",
36033651,"SARS-CoV-2 (COVID-19) whole genome sequencing and identification panel - Specimen by Molecular genetics method","Measurement","LOINC","Lab Test","S","96894-1","2021-03-06","2099-12-31",
36659667,"Human coronavirus HKU1 RNA [Presence] in Lower respiratory specimen by NAA with non-probe detection","Measurement","LOINC","Lab Test","S","94480-1","2020-06-17","2099-12-31",
36033642,"SARS-CoV-2 (COVID-19) Nsp2 gene [Presence] in Upper respiratory specimen by NAA with probe detection","Measurement","LOINC","Lab Test","S","97098-8","2021-04-06","2099-12-31",
36032295,"SARS-related coronavirus E gene [Presence] in Lower respiratory specimen by NAA with probe detection","Measurement","LOINC","Lab Test","S","96121-9","2020-12-15","2099-12-31",
37310257,"Measurement of Severe acute respiratory syndrome coronavirus 2 antigen","Measurement","SNOMED","Procedure","S","1240471000000102","2020-02-04","2099-12-31",
36033648,"SARS-CoV-2 (COVID-19) N gene [Cycle Threshold #] in Oropharyngeal wash by NAA with probe detection","Measurement","LOINC","Lab Test","S","96898-2","2021-03-11","2099-12-31",
40218804,"2019-ncov coronavirus, sars-cov-2/2019-ncov (covid-19), any technique, multiple types or subtypes (includes all targets), non-cdc","Measurement","HCPCS","HCPCS","S","U0002","2020-03-05","2099-12-31",
36033647,"SARS-CoV-2 (COVID-19) RNA panel - Oropharyngeal wash by NAA with probe detection","Measurement","LOINC","Lab Test","S","96897-4","2021-03-11","2099-12-31",
757685,"SARS-CoV+SARS-CoV-2 (COVID-19) Ag [Presence] in Respiratory specimen by Rapid immunoassay","Measurement","LOINC","Lab Test","S","95209-3","2020-05-20","2099-12-31",
37310284,"Encephalopathy due to disease caused by Severe acute respiratory syndrome coronavirus 2","Condition","SNOMED","Clinical Finding","S","1240561000000108","2020-02-04","2099-12-31",
36033658,"SARS-CoV-2 (COVID-19) E gene [Presence] in Respiratory specimen by NAA with probe detection","Measurement","LOINC","Lab Test","S","96763-8","2021-02-02","2099-12-31",
723470,"SARS-CoV-2 (COVID-19) RdRp gene [Cycle Threshold #] in Specimen by NAA with probe detection","Measurement","LOINC","Lab Test","S","94645-9","2020-04-02","2099-12-31",
44811805,"Coronavirus nucleic acid detection assay","Measurement","SNOMED","Procedure","S","906711000000107","2014-04-01","2099-12-31",
723471,"SARS-CoV-2 (COVID-19) RdRp gene [Cycle Threshold #] in Respiratory specimen by NAA with probe detection","Measurement","LOINC","Lab Test","S","94646-7","2020-04-02","2099-12-31",
3655975,"Sepsis due to disease caused by Severe acute respiratory syndrome coronavirus 2","Condition","SNOMED","Clinical Finding","S","870588003","2020-07-31","2099-12-31",
3661632,"Thrombocytopenia due to Severe acute respiratory syndrome coronavirus 2","Condition","SNOMED","Clinical Finding","S","866152006","2020-07-31","2099-12-31",
586529,"SARS-CoV-2 (COVID-19) RNA [Cycle Threshold #] in Specimen by NAA with probe detection","Measurement","LOINC","Lab Test","S","94746-5","2020-04-29","2099-12-31",
586309,"Measurement of Severe acute respiratory syndrome coronavirus 2 (SARS-CoV-2) in Specified specimen","Measurement","OMOP Extension","Lab Test","S","OMOP4912986","2020-05-18","2099-12-31",
704991,"Measurement of Severe acute respiratory syndrome coronavirus 2 (SARS-CoV-2) in Blood","Measurement","OMOP Extension","Lab Test","S","OMOP4912972","2020-05-13","2099-12-31",
706159,"SARS-related coronavirus+MERS coronavirus RNA [Presence] in Respiratory specimen by NAA with probe detection","Measurement","LOINC","Lab Test","S","94532-9","2020-03-10","2099-12-31",
40771518,"Human RNase P RNA [Presence] in Specimen by NAA with probe detection","Measurement","LOINC","Lab Test","S","68993-5","2011-09-30","2099-12-31",
723468,"SARS-CoV-2 (COVID-19) S gene [Cycle Threshold #] in Specimen by NAA with probe detection","Measurement","LOINC","Lab Test","S","94643-4","2020-04-02","2099-12-31",
705104,"Measurement of Coronavirus (Coronavirinae subfamily species)","Measurement","OMOP Extension","Lab Test","S","OMOP4912990","2020-06-10","2099-12-31",
706165,"SARS-related coronavirus RNA [Presence] in Respiratory specimen by NAA with probe detection","Measurement","LOINC","Lab Test","S","94502-2","2020-03-09","2099-12-31",
36659749,"Bovine coronavirus RNA [Cycle Threshold #] in Specimen by NAA with probe detection","Measurement","LOINC","Lab Test","S","94616-0","2020-06-17","2099-12-31",
742218,"Infectious disease (bacterial or viral respiratory tract infection), pathogen-specific nucleic acid (DNA or RNA), 22 targets including severe acute respiratory syndrome coronavirus 2 (SARS-CoV-2), qualitative RT-PCR, nasopharyngeal swab","Measurement","CPT4","CPT4","S","0202U","2020-05-20","2099-12-31",
723465,"SARS-CoV-2 (COVID-19) S gene [Presence] in Respiratory specimen by NAA with probe detection","Measurement","LOINC","Lab Test","S","94640-0","2020-04-02","2099-12-31",
586516,"SARS-CoV-2 (COVID-19) [Presence] in Specimen by Organism specific culture","Measurement","LOINC","Lab Test","S","94763-0","2020-05-01","2099-12-31",
4100065,"Disease due to Coronaviridae","Condition","SNOMED","Clinical Finding","S","27619001","2002-01-31","2099-12-31",
0,"No matching concept","Metadata","None","Undefined",,"No matching concept","1970-01-01","2099-12-31",
36033656,"SARS-CoV-2 (COVID-19) RNA [Presence] in Oropharyngeal wash by NAA with probe detection","Measurement","LOINC","Lab Test","S","96797-6","2021-02-18","2099-12-31",
704996,"Patient meets COVID-19 laboratory diagnostic criteria","Observation","OMOP Extension","Clinical Finding","S","OMOP4912978","2020-05-13","2099-12-31",
37310287,"Myocarditis due to disease caused by Severe acute respiratory syndrome coronavirus 2","Condition","SNOMED","Clinical Finding","S","1240531000000103","2020-02-04","2099-12-31",
45600471,"Other coronavirus as the cause of diseases classified elsewhere","Condition","ICD10CM","5-char billing code",,"B97.29","1970-01-01","2099-12-31",
36033644,"SARS-CoV-2 (COVID-19) N gene [Presence] in Nose by NAA with non-probe detection","Measurement","LOINC","Lab Test","S","96986-5","2021-03-24","2099-12-31",
36033640,"SARS-CoV-2 (COVID-19) ORF1ab region [Units/volume] (viral load) in Upper respiratory specimen by NAA with probe detection","Measurement","LOINC","Lab Test","S","97104-4","2021-04-16","2099-12-31",
706170,"SARS-CoV-2 (COVID-19) RNA [Presence] in Specimen by NAA with probe detection","Measurement","LOINC","Lab Test","S","94309-2","2020-01-31","2099-12-31",
36031238,"SARS-CoV-2 (COVID-19) RNA [Presence] in Respiratory specimen by NAA with non-probe detection","Measurement","LOINC","Lab Test","S","95608-6","2020-12-15","2099-12-31",
36032352,"SARS-CoV-2 (COVID-19) and SARS-related CoV RNA panel - Respiratory specimen by NAA with probe detection","Measurement","LOINC","Lab Test","S","96094-8","2020-12-15","2099-12-31",
36031213,"SARS-CoV-2 (COVID-19) S gene [Presence] in Respiratory specimen by Sequencing","Measurement","LOINC","Lab Test","S","95609-4","2020-12-15","2099-12-31",
586525,"SARS-CoV-2 (COVID-19) N gene [Presence] in Respiratory specimen by Nucleic acid amplification using CDC primer-probe set N2","Measurement","LOINC","Lab Test","S","94757-2","2020-04-30","2099-12-31",
706157,"SARS-CoV-2 (COVID-19) N gene [Cycle Threshold #] in Specimen by Nucleic acid amplification using CDC primer-probe set N1","Measurement","LOINC","Lab Test","S","94311-8","2020-01-31","2099-12-31",
723467,"SARS-CoV-2 (COVID-19) S gene [Cycle Threshold #] in Respiratory specimen by NAA with probe detection","Measurement","LOINC","Lab Test","S","94642-6","2020-04-02","2099-12-31",
36032258,"SARS-CoV-2 (COVID-19) N gene [Presence] in Saliva (oral fluid) by Nucleic acid amplification using CDC primer-probe set N1","Measurement","LOINC","Lab Test","S","96448-6","2020-12-15","2099-12-31",
742224,"Infectious agent antigen detection by immunoassay technique, qualitative or semiquantitative, multiple-step method; severe acute respiratory syndrome coronavirus (eg, SARS-CoV, SARS-CoV-2 [COVID-19]) (Coronavirus disease [COVID-19])","Measurement","CPT4","CPT4","S","87426","2020-06-25","2099-12-31",
3655977,"Rhabdomyolysis due to disease caused by Severe acute respiratory syndrome coronavirus 2","Condition","SNOMED","Clinical Finding","S","870591003","2020-07-31","2099-12-31",
715260,"SARS-CoV-2 (COVID-19) RNA [Presence] in Saliva (oral fluid) by NAA with probe detection","Measurement","LOINC","Lab Test","S","94845-5","2020-05-07","2099-12-31",
36661375,"Influenza virus A and B and SARS-CoV-2 (COVID-19) identified in Respiratory specimen by NAA with probe detection","Measurement","LOINC","Lab Test","S","95423-0","2020-06-26","2099-12-31",
3663281,"Lower respiratory infection caused by SARS-CoV-2","Condition","SNOMED","Clinical Finding","S","880529761000119102","2020-07-31","2099-12-31",
742219,"Infectious disease (bacterial or viral respiratory tract infection), pathogen-specific nucleic acid (DNA or RNA), 22 targets including severe acute respiratory syndrome coronavirus 2 (SARS-CoV-2), qualitative RT-PCR, nasopharyngeal swab","Measurement","CPT4","CPT4","S","0223U","2020-06-25","2099-12-31",
37003518,"SARS-CoV-2 (COVID-19) vaccine, mRNA-1273 0.2 MG/ML Injectable Suspension","Drug","RxNorm","Clinical Drug","S","2470234","2021-01-04","2099-12-31",
586528,"SARS-CoV-2 (COVID-19) RNA [Cycle Threshold #] in Respiratory specimen by NAA with probe detection","Measurement","LOINC","Lab Test","S","94745-7","2020-04-29","2099-12-31",
36033664,"SARS-CoV-2 (COVID-19) S gene mutation detected [Identifier] in Specimen by Molecular genetics method","Measurement","LOINC","Lab Test","S","96751-3","2021-01-14","2099-12-31",
36033649,"SARS-CoV-2 (COVID-19) ORF1ab region [Cycle Threshold #] in Oropharyngeal wash by NAA with probe detection","Measurement","LOINC","Lab Test","S","96899-0","2021-03-11","2099-12-31",
37310286,"Infection of upper respiratory tract caused by Severe acute respiratory syndrome coronavirus 2","Condition","SNOMED","Clinical Finding","S","1240541000000107","2020-02-04","2099-12-31",
36661384,"Influenza virus A and B and SARS-CoV-2 (COVID-19) and SARS-related CoV RNA panel - Respiratory specimen by NAA with probe detection","Measurement","LOINC","Lab Test","S","95380-2","2020-05-29","2099-12-31",
3661631,"Lymphocytopenia due to Severe acute respiratory syndrome coronavirus 2","Condition","SNOMED","Clinical Finding","S","866151004","2020-07-31","2099-12-31",
586517,"SARS-CoV-2 (COVID-19) whole genome [Nucleotide sequence] in Isolate or Specimen by Sequencing","Measurement","LOINC","Lab Test","S","94764-8","2020-05-01","2099-12-31",
705107,"Measurement of Severe acute respiratory syndrome coronavirus 2 (SARS-CoV-2) in Sample from nose","Measurement","OMOP Extension","Lab Test","S","OMOP4912993","2020-06-10","2099-12-31",
36033662,"SARS-CoV-2 (COVID-19) S gene codon N501= [Presence] in Specimen by Molecular genetics method","Measurement","LOINC","Lab Test","S","96756-2","2021-01-29","2099-12-31",
44789510,"Coronavirus nucleic acid detection","Measurement","SNOMED","Procedure","S","204351000000100","2006-04-01","2099-12-31",
756029,"Measurement of Severe acute respiratory syndrome coronavirus 2 (SARS-CoV-2) in Respiratory specimen","Measurement","OMOP Extension","Lab Test","S","OMOP4873967","2020-03-18","2099-12-31",
36033652,"SARS-CoV-2 (COVID-19) lineage [Identifier] in Specimen by Molecular genetics method","Measurement","LOINC","Lab Test","S","96895-8","2021-03-06","2099-12-31",
36033660,"SARS-CoV-2 (COVID-19) S gene [Presence] in Saliva (oral fluid) by NAA with probe detection","Measurement","LOINC","Lab Test","S","96765-3","2021-02-02","2099-12-31",
586310,"Measurement of Severe acute respiratory syndrome coronavirus 2 (SARS-CoV-2) Genetic material using Molecular method","Measurement","OMOP Extension","Lab Test","S","OMOP4912985","2020-05-18","2099-12-31",
3656668,"Conjunctivitis due to disease caused by Severe acute respiratory syndrome coronavirus 2","Condition","SNOMED","Clinical Finding","S","119741000146102","2020-07-31","2099-12-31",
705000,"Measurement of Severe acute respiratory syndrome coronavirus 2 (SARS-CoV-2) using Nucleic acid amplification technique in Blood","Measurement","OMOP Extension","Lab Test","S","OMOP4912973","2020-05-13","2099-12-31",
706160,"SARS-CoV-2 (COVID-19) RdRp gene [Presence] in Respiratory specimen by NAA with probe detection","Measurement","LOINC","Lab Test","S","94534-5","2020-03-10","2099-12-31",
706154,"SARS-CoV-2 (COVID-19) N gene [Presence] in Specimen by Nucleic acid amplification using CDC primer-probe set N2","Measurement","LOINC","Lab Test","S","94308-4","2020-01-31","2099-12-31",
37003436,"SARS-CoV-2 (COVID-19) vaccine, mRNA-BNT162b2 0.1 MG/ML Injectable Suspension","Drug","RxNorm","Clinical Drug","S","2468235","2021-01-04","2099-12-31",
586523,"SARS-related coronavirus E gene [Presence] in Respiratory specimen by NAA with probe detection","Measurement","LOINC","Lab Test","S","94758-0","2020-04-30","2099-12-31",
36660329,"Human coronavirus NL63 RNA [Presence] in Lower respiratory specimen by NAA with non-probe detection","Measurement","LOINC","Lab Test","S","94481-9","2020-06-17","2099-12-31",
700297,"Patient meets COVID-19 laboratory confirmation criterion (detection of specific RNA in a clinical specimen using a molecular amplification detection test)","Observation","OMOP Extension","Clinical Finding","S","OMOP4912988","2020-05-24","2099-12-31",
715272,"SARS-CoV-2 (COVID-19) N gene [Presence] in Nasopharynx by NAA with probe detection","Measurement","LOINC","Lab Test","S","94760-6","2020-04-30","2099-12-31",
37311060,"Suspected COVID-19","Observation","SNOMED","Context-dependent","S","840544004","2020-01-31","2099-12-31",
37310258,"Measurement of Severe acute respiratory syndrome coronavirus 2 antibody","Measurement","SNOMED","Procedure","S","1240461000000109","2020-02-04","2099-12-31",
715261,"SARS-CoV-2 (COVID-19) RNA [Presence] in Saliva (oral fluid) by Sequencing","Measurement","LOINC","Lab Test","S","94822-4","2020-05-06","2099-12-31",
715262,"SARS-CoV-2 (COVID-19) RNA [Log #/volume] (viral load) in Specimen by NAA with probe detection","Measurement","LOINC","Lab Test","S","94819-0","2020-05-04","2099-12-31",
706161,"SARS-CoV-2 (COVID-19) N gene [Presence] in Respiratory specimen by NAA with probe detection","Measurement","LOINC","Lab Test","S","94533-7","2020-03-10","2099-12-31",
36661378,"SARS-CoV-2 (COVID-19) N gene [Presence] in Saliva (oral fluid) by NAA with probe detection","Measurement","LOINC","Lab Test","S","95425-5","2020-06-26","2099-12-31",
36031814,"SARS-related coronavirus E gene [Presence] in Saliva (oral fluid) by NAA with probe detection","Measurement","LOINC","Lab Test","S","95823-1","2020-12-15","2099-12-31",
706172,"SARS-like coronavirus N gene [Cycle Threshold #] in Specimen by NAA with probe detection","Measurement","LOINC","Lab Test","S","94313-4","2020-01-31","2099-12-31",
723466,"SARS-CoV-2 (COVID-19) S gene [Presence] in Specimen by NAA with probe detection","Measurement","LOINC","Lab Test","S","94641-8","2020-04-02","2099-12-31",
36661371,"SARS-CoV-2 (COVID-19) N gene [Log #/volume] (viral load) in Respiratory specimen by NAA with probe detection","Measurement","LOINC","Lab Test","S","95522-9","2020-07-26","2099-12-31",
706174,"SARS-related coronavirus E gene [Presence] in Specimen by NAA with probe detection","Measurement","LOINC","Lab Test","S","94315-9","2020-01-31","2099-12-31",
723469,"SARS-CoV-2 (COVID-19) ORF1ab region [Cycle Threshold #] in Respiratory specimen by NAA with probe detection","Measurement","LOINC","Lab Test","S","94644-2","2020-04-02","2099-12-31",
723463,"SARS-CoV-2 (COVID-19) RNA [Presence] in Serum or Plasma by NAA with probe detection","Measurement","LOINC","Lab Test","S","94660-8","2020-04-04","2099-12-31",
45537785,"SARS-associated coronavirus as the cause of diseases classified elsewhere","Condition","ICD10CM","5-char billing code",,"B97.21","1970-01-01","2099-12-31",
36033653,"SARS-CoV-2 (COVID-19) clade [Type] in Specimen by Molecular genetics method","Measurement","LOINC","Lab Test","S","96896-6","2021-03-06","2099-12-31",
706155,"SARS-CoV-2 (COVID-19) N gene [Cycle Threshold #] in Specimen by Nucleic acid amplification using CDC primer-probe set N2","Measurement","LOINC","Lab Test","S","94312-6","2020-01-31","2099-12-31",
3661405,"Acute bronchitis caused by SARS-CoV-2","Condition","SNOMED","Clinical Finding","S","138389411000119105","2020-07-31","2099-12-31",
3662381,"Asymptomatic SARS-CoV-2","Condition","SNOMED","Clinical Finding","S","189486241000119100","2020-07-31","2099-12-31",
723464,"SARS-CoV-2 (COVID-19) ORF1ab region [Presence] in Specimen by NAA with probe detection","Measurement","LOINC","Lab Test","S","94639-2","2020-04-02","2099-12-31",
36661370,"SARS-CoV-2 (COVID-19) N gene [#/volume] (viral load) in Respiratory specimen by NAA with probe detection","Measurement","LOINC","Lab Test","S","95521-1","2020-07-26","2099-12-31",
36031652,"SARS-CoV-2 (COVID-19) RdRp gene [Presence] in Lower respiratory specimen by NAA with probe detection","Measurement","LOINC","Lab Test","S","96120-1","2020-12-15","2099-12-31",
37021152,"Respiratory syncytial virus RNA [Presence] in Respiratory specimen by NAA with probe detection","Measurement","LOINC","Lab Test","S","92131-2","2019-06-21","2099-12-31",
320651,"Severe acute respiratory syndrome","Condition","SNOMED","Clinical Finding","S","398447004","2003-07-31","2099-12-31",
40479642,"Pneumonia due to Severe acute respiratory syndrome coronavirus","Condition","SNOMED","Clinical Finding","S","441590008","2009-07-31","2099-12-31",
36031506,"SARS-CoV-2 (COVID-19) ORF1ab region [Presence] in Saliva (oral fluid) by NAA with probe detection","Measurement","LOINC","Lab Test","S","95824-9","2020-12-15","2099-12-31",
756055,"Measurement of Severe acute respiratory syndrome coronavirus 2 (SARS-CoV-2)","Measurement","OMOP Extension","Lab Test","S","OMOP4873969","2020-03-18","2099-12-31",
