﻿"domain_table","domain_field","concept_id","concept_count","subject_count","cohort_id","database_id"
"condition_occurrence","condition_source_concept_id",1567458,154,152,1,"roc22"
"condition_occurrence","condition_concept_id",40479642,186,183,1,"roc22"
"condition_occurrence","condition_source_concept_id",45567260,186,183,1,"roc22"
"condition_occurrence","condition_concept_id",320651,3273,3252,1,"roc22"
"condition_occurrence","condition_source_concept_id",45537785,3273,3252,1,"roc22"
"condition_occurrence","condition_source_concept_id",0,8919,3464,1,"roc22"
"condition_occurrence","condition_source_concept_id",45600471,14082,13865,1,"roc22"
"condition_occurrence","condition_concept_id",4100065,14236,14012,1,"roc22"
"observation","observation_source_concept_id",0,94513,30699,1,"roc22"
"observation","observation_concept_id",37311060,94513,30699,1,"roc22"
"condition_occurrence","condition_concept_id",439676,236513,144283,1,"roc22"
"condition_occurrence","condition_source_concept_id",35205800,236513,144283,1,"roc22"
"observation","observation_concept_id",704996,417856,411521,1,"roc22"
"condition_occurrence","condition_source_concept_id",702953,432947,421420,1,"roc22"
"condition_occurrence","condition_concept_id",37311061,441866,422635,1,"roc22"
"measurement","measurement_concept_id",586310,332309,327798,2,"roc22"
"measurement","measurement_concept_id",37310257,1758757,1273710,3,"roc22"
"measurement","measurement_concept_id",586310,5222470,2497088,3,"roc22"
"measurement","measurement_concept_id",586310,2501833,2497088,4,"roc22"
